[
 {
  "allow_in_quick_entry": 0,
  "allow_on_submit": 0,
  "bold": 0,
  "collapsible": 0,
  "collapsible_depends_on": null,
  "columns": 0,
  "default": null,
  "depends_on": null,
  "description": null,
  "docstatus": 0,
  "doctype": "Custom Field",
  "dt": "Supplier",
  "fetch_from": null,
  "fetch_if_empty": 0,
  "fieldname": "custom_entrada_rápida",
  "fieldtype": "Tab Break",
  "hidden": 0,
  "hide_border": 0,
  "hide_days": 0,
  "hide_seconds": 0,
  "ignore_user_permissions": 0,
  "ignore_xss_filter": 0,
  "in_global_search": 0,
  "in_list_view": 0,
  "in_preview": 0,
  "in_standard_filter": 0,
  "insert_after": null,
  "is_system_generated": 0,
  "is_virtual": 0,
  "label": "Entrada Rápida",
  "length": 0,
  "link_filters": null,
  "mandatory_depends_on": null,
  "modified": "2025-07-20 18:43:40.787372",
  "module": "Compras",
  "name": "Supplier-custom_entrada_rápida",
  "no_copy": 0,
  "non_negative": 0,
  "options": null,
  "permlevel": 0,
  "placeholder": null,
  "precision": "",
  "print_hide": 0,
  "print_hide_if_no_value": 0,
  "print_width": null,
  "read_only": 0,
  "read_only_depends_on": null,
  "report_hide": 0,
  "reqd": 0,
  "search_index": 0,
  "show_dashboard": 0,
  "sort_options": 0,
  "translatable": 0,
  "unique": 0,
  "width": null
 },
 {
  "allow_in_quick_entry": 0,
  "allow_on_submit": 0,
  "bold": 0,
  "collapsible": 0,
  "collapsible_depends_on": null,
  "columns": 0,
  "default": null,
  "depends_on": null,
  "description": null,
  "docstatus": 0,
  "doctype": "Custom Field",
  "dt": "Company",
  "fetch_from": null,
  "fetch_if_empty": 0,
  "fieldname": "custom_jos_entrada_rapida",
  "fieldtype": "Tab Break",
  "hidden": 0,
  "hide_border": 0,
  "hide_days": 0,
  "hide_seconds": 0,
  "ignore_user_permissions": 0,
  "ignore_xss_filter": 0,
  "in_global_search": 0,
  "in_list_view": 0,
  "in_preview": 0,
  "in_standard_filter": 0,
  "insert_after": null,
  "is_system_generated": 0,
  "is_virtual": 0,
  "label": "Entrada Rápida",
  "length": 0,
  "link_filters": null,
  "mandatory_depends_on": null,
  "modified": "2025-07-19 00:23:07.628522",
  "module": "My_Data",
  "name": "Company-custom_jos_entrada_rapida",
  "no_copy": 0,
  "non_negative": 0,
  "options": null,
  "permlevel": 0,
  "placeholder": null,
  "precision": "",
  "print_hide": 0,
  "print_hide_if_no_value": 0,
  "print_width": null,
  "read_only": 0,
  "read_only_depends_on": null,
  "report_hide": 0,
  "reqd": 0,
  "search_index": 0,
  "show_dashboard": 0,
  "sort_options": 0,
  "translatable": 0,
  "unique": 0,
  "width": null
 },
 {
  "allow_in_quick_entry": 0,
  "allow_on_submit": 0,
  "bold": 0,
  "collapsible": 0,
  "collapsible_depends_on": null,
  "columns": 0,
  "default": null,
  "depends_on": null,
  "description": null,
  "docstatus": 0,
  "doctype": "Custom Field",
  "dt": "Customer",
  "fetch_from": null,
  "fetch_if_empty": 0,
  "fieldname": "custom_tab_9",
  "fieldtype": "Tab Break",
  "hidden": 0,
  "hide_border": 0,
  "hide_days": 0,
  "hide_seconds": 0,
  "ignore_user_permissions": 0,
  "ignore_xss_filter": 0,
  "in_global_search": 0,
  "in_list_view": 0,
  "in_preview": 0,
  "in_standard_filter": 0,
  "insert_after": null,
  "is_system_generated": 0,
  "is_virtual": 0,
  "label": "Entrada Rápida",
  "length": 0,
  "link_filters": null,
  "mandatory_depends_on": null,
  "modified": "2025-07-17 16:24:36.388100",
  "module": "ClienteSetup",
  "name": "Customer-custom_tab_9",
  "no_copy": 0,
  "non_negative": 0,
  "options": null,
  "permlevel": 0,
  "placeholder": null,
  "precision": "",
  "print_hide": 0,
  "print_hide_if_no_value": 0,
  "print_width": null,
  "read_only": 0,
  "read_only_depends_on": null,
  "report_hide": 0,
  "reqd": 0,
  "search_index": 0,
  "show_dashboard": 0,
  "sort_options": 0,
  "translatable": 0,
  "unique": 0,
  "width": null
 },
 {
  "allow_in_quick_entry": 0,
  "allow_on_submit": 0,
  "bold": 0,
  "collapsible": 0,
  "collapsible_depends_on": null,
  "columns": 0,
  "default": null,
  "depends_on": null,
  "description": null,
  "docstatus": 0,
  "doctype": "Custom Field",
  "dt": "Supplier",
  "fetch_from": null,
  "fetch_if_empty": 0,
  "fieldname": "custom_jos_ruc_supplier",
  "fieldtype": "Data",
  "hidden": 0,
  "hide_border": 0,
  "hide_days": 0,
  "hide_seconds": 0,
  "ignore_user_permissions": 0,
  "ignore_xss_filter": 0,
  "in_global_search": 0,
  "in_list_view": 0,
  "in_preview": 0,
  "in_standard_filter": 0,
  "insert_after": "custom_entrada_rápida",
  "is_system_generated": 0,
  "is_virtual": 0,
  "label": "Identificación Fiscal",
  "length": 0,
  "link_filters": null,
  "mandatory_depends_on": null,
  "modified": "2025-07-20 18:43:44.162675",
  "module": "Compras",
  "name": "Supplier-custom_jos_ruc_supplier",
  "no_copy": 0,
  "non_negative": 0,
  "options": null,
  "permlevel": 0,
  "placeholder": null,
  "precision": "",
  "print_hide": 0,
  "print_hide_if_no_value": 0,
  "print_width": null,
  "read_only": 0,
  "read_only_depends_on": null,
  "report_hide": 0,
  "reqd": 1,
  "search_index": 0,
  "show_dashboard": 0,
  "sort_options": 0,
  "translatable": 1,
  "unique": 0,
  "width": null
 },
 {
  "allow_in_quick_entry": 0,
  "allow_on_submit": 0,
  "bold": 0,
  "collapsible": 0,
  "collapsible_depends_on": null,
  "columns": 0,
  "default": null,
  "depends_on": null,
  "description": null,
  "docstatus": 0,
  "doctype": "Custom Field",
  "dt": "Company",
  "fetch_from": null,
  "fetch_if_empty": 0,
  "fieldname": "custom_jos_informacion_general",
  "fieldtype": "Section Break",
  "hidden": 0,
  "hide_border": 0,
  "hide_days": 0,
  "hide_seconds": 0,
  "ignore_user_permissions": 0,
  "ignore_xss_filter": 0,
  "in_global_search": 0,
  "in_list_view": 0,
  "in_preview": 0,
  "in_standard_filter": 0,
  "insert_after": "custom_jos_entrada_rapida",
  "is_system_generated": 0,
  "is_virtual": 0,
  "label": "Informacion General",
  "length": 0,
  "link_filters": null,
  "mandatory_depends_on": null,
  "modified": "2025-07-19 00:21:08.573086",
  "module": "My_Data",
  "name": "Company-custom_jos_informacion_general",
  "no_copy": 0,
  "non_negative": 0,
  "options": null,
  "permlevel": 0,
  "placeholder": null,
  "precision": "",
  "print_hide": 0,
  "print_hide_if_no_value": 0,
  "print_width": null,
  "read_only": 0,
  "read_only_depends_on": null,
  "report_hide": 0,
  "reqd": 0,
  "search_index": 0,
  "show_dashboard": 0,
  "sort_options": 0,
  "translatable": 0,
  "unique": 0,
  "width": null
 },
 {
  "allow_in_quick_entry": 1,
  "allow_on_submit": 0,
  "bold": 0,
  "collapsible": 0,
  "collapsible_depends_on": null,
  "columns": 2,
  "default": null,
  "depends_on": null,
  "description": null,
  "docstatus": 0,
  "doctype": "Custom Field",
  "dt": "Contact Phone",
  "fetch_from": null,
  "fetch_if_empty": 0,
  "fieldname": "jos_phone_ext",
  "fieldtype": "Data",
  "hidden": 0,
  "hide_border": 0,
  "hide_days": 0,
  "hide_seconds": 0,
  "ignore_user_permissions": 0,
  "ignore_xss_filter": 0,
  "in_global_search": 0,
  "in_list_view": 1,
  "in_preview": 0,
  "in_standard_filter": 1,
  "insert_after": "phone",
  "is_system_generated": 0,
  "is_virtual": 0,
  "label": "Ext",
  "length": 5,
  "link_filters": null,
  "mandatory_depends_on": null,
  "modified": "2025-08-25 14:44:55.330148",
  "module": "my_data",
  "name": "Contact Phone-jos_phone_ext",
  "no_copy": 0,
  "non_negative": 0,
  "options": null,
  "permlevel": 0,
  "placeholder": null,
  "precision": "",
  "print_hide": 0,
  "print_hide_if_no_value": 0,
  "print_width": null,
  "read_only": 0,
  "read_only_depends_on": null,
  "report_hide": 0,
  "reqd": 0,
  "search_index": 0,
  "show_dashboard": 0,
  "sort_options": 0,
  "translatable": 0,
  "unique": 0,
  "width": "6"
 },
 {
  "allow_in_quick_entry": 0,
  "allow_on_submit": 0,
  "bold": 0,
  "collapsible": 0,
  "collapsible_depends_on": null,
  "columns": 0,
  "default": null,
  "depends_on": null,
  "description": null,
  "docstatus": 0,
  "doctype": "Custom Field",
  "dt": "Customer",
  "fetch_from": null,
  "fetch_if_empty": 0,
  "fieldname": "custom_quickform_setup",
  "fieldtype": "Section Break",
  "hidden": 0,
  "hide_border": 0,
  "hide_days": 0,
  "hide_seconds": 0,
  "ignore_user_permissions": 0,
  "ignore_xss_filter": 0,
  "in_global_search": 0,
  "in_list_view": 0,
  "in_preview": 0,
  "in_standard_filter": 0,
  "insert_after": "custom_tab_9",
  "is_system_generated": 0,
  "is_virtual": 0,
  "label": "QuickForm_Setup",
  "length": 0,
  "link_filters": null,
  "mandatory_depends_on": null,
  "modified": "2025-07-17 18:02:10.320840",
  "module": "ClienteSetup",
  "name": "Customer-custom_quickform_setup",
  "no_copy": 0,
  "non_negative": 0,
  "options": null,
  "permlevel": 0,
  "placeholder": null,
  "precision": "",
  "print_hide": 0,
  "print_hide_if_no_value": 0,
  "print_width": null,
  "read_only": 0,
  "read_only_depends_on": null,
  "report_hide": 0,
  "reqd": 0,
  "search_index": 0,
  "show_dashboard": 0,
  "sort_options": 0,
  "translatable": 0,
  "unique": 0,
  "width": null
 },
 {
  "allow_in_quick_entry": 0,
  "allow_on_submit": 0,
  "bold": 0,
  "collapsible": 0,
  "collapsible_depends_on": null,
  "columns": 1,
  "default": null,
  "depends_on": null,
  "description": null,
  "docstatus": 0,
  "doctype": "Custom Field",
  "dt": "Contact Phone",
  "fetch_from": null,
  "fetch_if_empty": 0,
  "fieldname": "jos_whatsapp",
  "fieldtype": "Check",
  "hidden": 0,
  "hide_border": 0,
  "hide_days": 0,
  "hide_seconds": 0,
  "ignore_user_permissions": 0,
  "ignore_xss_filter": 0,
  "in_global_search": 0,
  "in_list_view": 1,
  "in_preview": 0,
  "in_standard_filter": 0,
  "insert_after": "jos_phone_ext",
  "is_system_generated": 0,
  "is_virtual": 0,
  "label": "WhatsApp",
  "length": 0,
  "link_filters": null,
  "mandatory_depends_on": null,
  "modified": "2025-08-25 14:35:09.417869",
  "module": "my_data",
  "name": "Contact Phone-jos_whatsapp",
  "no_copy": 0,
  "non_negative": 0,
  "options": null,
  "permlevel": 0,
  "placeholder": null,
  "precision": "",
  "print_hide": 0,
  "print_hide_if_no_value": 0,
  "print_width": null,
  "read_only": 0,
  "read_only_depends_on": null,
  "report_hide": 0,
  "reqd": 0,
  "search_index": 0,
  "show_dashboard": 0,
  "sort_options": 0,
  "translatable": 0,
  "unique": 0,
  "width": ""
 },
 {
  "allow_in_quick_entry": 0,
  "allow_on_submit": 0,
  "bold": 0,
  "collapsible": 0,
  "collapsible_depends_on": null,
  "columns": 0,
  "default": null,
  "depends_on": null,
  "description": null,
  "docstatus": 0,
  "doctype": "Custom Field",
  "dt": "Supplier",
  "fetch_from": null,
  "fetch_if_empty": 0,
  "fieldname": "custom_jos_nombre_proveedor",
  "fieldtype": "Data",
  "hidden": 0,
  "hide_border": 0,
  "hide_days": 0,
  "hide_seconds": 0,
  "ignore_user_permissions": 0,
  "ignore_xss_filter": 0,
  "in_global_search": 0,
  "in_list_view": 0,
  "in_preview": 0,
  "in_standard_filter": 0,
  "insert_after": "custom_jos_ruc_supplier",
  "is_system_generated": 0,
  "is_virtual": 0,
  "label": "Nombre Proveedor",
  "length": 0,
  "link_filters": null,
  "mandatory_depends_on": null,
  "modified": "2025-07-26 00:28:25.631864",
  "module": "Compras",
  "name": "Supplier-custom_jos_nombre_proveedor",
  "no_copy": 0,
  "non_negative": 0,
  "options": null,
  "permlevel": 0,
  "placeholder": null,
  "precision": "",
  "print_hide": 0,
  "print_hide_if_no_value": 0,
  "print_width": null,
  "read_only": 0,
  "read_only_depends_on": null,
  "report_hide": 0,
  "reqd": 1,
  "search_index": 0,
  "show_dashboard": 0,
  "sort_options": 0,
  "translatable": 1,
  "unique": 0,
  "width": null
 },
 {
  "allow_in_quick_entry": 0,
  "allow_on_submit": 0,
  "bold": 0,
  "collapsible": 0,
  "collapsible_depends_on": null,
  "columns": 0,
  "default": null,
  "depends_on": null,
  "description": null,
  "docstatus": 0,
  "doctype": "Custom Field",
  "dt": "Company",
  "fetch_from": null,
  "fetch_if_empty": 0,
  "fieldname": "custom_jos_ruc",
  "fieldtype": "Data",
  "hidden": 0,
  "hide_border": 0,
  "hide_days": 0,
  "hide_seconds": 0,
  "ignore_user_permissions": 0,
  "ignore_xss_filter": 0,
  "in_global_search": 0,
  "in_list_view": 0,
  "in_preview": 0,
  "in_standard_filter": 0,
  "insert_after": "custom_jos_informacion_general",
  "is_system_generated": 0,
  "is_virtual": 0,
  "label": "RUC",
  "length": 20,
  "link_filters": null,
  "mandatory_depends_on": null,
  "modified": "2025-07-19 01:03:19.429984",
  "module": "My_Data",
  "name": "Company-custom_jos_ruc",
  "no_copy": 0,
  "non_negative": 0,
  "options": null,
  "permlevel": 0,
  "placeholder": null,
  "precision": "",
  "print_hide": 0,
  "print_hide_if_no_value": 0,
  "print_width": null,
  "read_only": 0,
  "read_only_depends_on": null,
  "report_hide": 0,
  "reqd": 1,
  "search_index": 0,
  "show_dashboard": 0,
  "sort_options": 0,
  "translatable": 1,
  "unique": 0,
  "width": null
 },
 {
  "allow_in_quick_entry": 0,
  "allow_on_submit": 0,
  "bold": 0,
  "collapsible": 0,
  "collapsible_depends_on": null,
  "columns": 0,
  "default": null,
  "depends_on": null,
  "description": "<span style=\"font-style: italic; font-size: 11px; margin-left: 20px;\">Si es pasaporte anteponer 'P-'</span>\n",
  "docstatus": 0,
  "doctype": "Custom Field",
  "dt": "Customer",
  "fetch_from": null,
  "fetch_if_empty": 0,
  "fieldname": "custom_jos_tax_id_validador",
  "fieldtype": "Data",
  "hidden": 0,
  "hide_border": 0,
  "hide_days": 0,
  "hide_seconds": 0,
  "ignore_user_permissions": 0,
  "ignore_xss_filter": 0,
  "in_global_search": 0,
  "in_list_view": 0,
  "in_preview": 0,
  "in_standard_filter": 0,
  "insert_after": "custom_quickform_setup",
  "is_system_generated": 0,
  "is_virtual": 0,
  "label": "Ídentificación Fiscal",
  "length": 0,
  "link_filters": null,
  "mandatory_depends_on": null,
  "modified": "2025-07-17 16:24:35.895725",
  "module": "ClienteSetup",
  "name": "Customer-custom_jos_tax_id_validador",
  "no_copy": 0,
  "non_negative": 0,
  "options": null,
  "permlevel": 0,
  "placeholder": null,
  "precision": "",
  "print_hide": 0,
  "print_hide_if_no_value": 0,
  "print_width": null,
  "read_only": 0,
  "read_only_depends_on": null,
  "report_hide": 0,
  "reqd": 1,
  "search_index": 0,
  "show_dashboard": 0,
  "sort_options": 0,
  "translatable": 1,
  "unique": 1,
  "width": null
 },
 {
  "allow_in_quick_entry": 0,
  "allow_on_submit": 0,
  "bold": 0,
  "collapsible": 0,
  "collapsible_depends_on": null,
  "columns": 0,
  "default": null,
  "depends_on": null,
  "description": null,
  "docstatus": 0,
  "doctype": "Custom Field",
  "dt": "Supplier",
  "fetch_from": null,
  "fetch_if_empty": 0,
  "fieldname": "custom_jos_direccion",
  "fieldtype": "Data",
  "hidden": 0,
  "hide_border": 0,
  "hide_days": 0,
  "hide_seconds": 0,
  "ignore_user_permissions": 0,
  "ignore_xss_filter": 0,
  "in_global_search": 0,
  "in_list_view": 0,
  "in_preview": 0,
  "in_standard_filter": 0,
  "insert_after": "custom_jos_nombre_proveedor",
  "is_system_generated": 0,
  "is_virtual": 0,
  "label": "Dirección",
  "length": 0,
  "link_filters": null,
  "mandatory_depends_on": null,
  "modified": "2025-07-26 00:30:20.758378",
  "module": "Compras",
  "name": "Supplier-custom_jos_direccion",
  "no_copy": 0,
  "non_negative": 0,
  "options": null,
  "permlevel": 0,
  "placeholder": null,
  "precision": "",
  "print_hide": 0,
  "print_hide_if_no_value": 0,
  "print_width": null,
  "read_only": 0,
  "read_only_depends_on": null,
  "report_hide": 0,
  "reqd": 1,
  "search_index": 0,
  "show_dashboard": 0,
  "sort_options": 0,
  "translatable": 1,
  "unique": 0,
  "width": null
 },
 {
  "allow_in_quick_entry": 0,
  "allow_on_submit": 0,
  "bold": 0,
  "collapsible": 0,
  "collapsible_depends_on": null,
  "columns": 0,
  "default": null,
  "depends_on": null,
  "description": null,
  "docstatus": 0,
  "doctype": "Custom Field",
  "dt": "Company",
  "fetch_from": null,
  "fetch_if_empty": 0,
  "fieldname": "custom_jos_razon_social",
  "fieldtype": "Data",
  "hidden": 0,
  "hide_border": 0,
  "hide_days": 0,
  "hide_seconds": 0,
  "ignore_user_permissions": 0,
  "ignore_xss_filter": 0,
  "in_global_search": 0,
  "in_list_view": 0,
  "in_preview": 0,
  "in_standard_filter": 0,
  "insert_after": "custom_jos_ruc",
  "is_system_generated": 0,
  "is_virtual": 0,
  "label": "Razón Social",
  "length": 70,
  "link_filters": null,
  "mandatory_depends_on": null,
  "modified": "2025-07-22 23:10:06.270543",
  "module": "My_Data",
  "name": "Company-custom_jos_razón_social",
  "no_copy": 0,
  "non_negative": 0,
  "options": null,
  "permlevel": 0,
  "placeholder": null,
  "precision": "",
  "print_hide": 0,
  "print_hide_if_no_value": 0,
  "print_width": null,
  "read_only": 0,
  "read_only_depends_on": null,
  "report_hide": 0,
  "reqd": 1,
  "search_index": 0,
  "show_dashboard": 0,
  "sort_options": 0,
  "translatable": 1,
  "unique": 0,
  "width": null
 },
 {
  "allow_in_quick_entry": 0,
  "allow_on_submit": 0,
  "bold": 0,
  "collapsible": 0,
  "collapsible_depends_on": null,
  "columns": 0,
  "default": null,
  "depends_on": null,
  "description": null,
  "docstatus": 0,
  "doctype": "Custom Field",
  "dt": "Customer",
  "fetch_from": null,
  "fetch_if_empty": 0,
  "fieldname": "custom_jos_nombre_cliente",
  "fieldtype": "Data",
  "hidden": 0,
  "hide_border": 0,
  "hide_days": 0,
  "hide_seconds": 0,
  "ignore_user_permissions": 0,
  "ignore_xss_filter": 0,
  "in_global_search": 0,
  "in_list_view": 0,
  "in_preview": 0,
  "in_standard_filter": 0,
  "insert_after": "custom_jos_tax_id_validador",
  "is_system_generated": 0,
  "is_virtual": 0,
  "label": "Nombre Cliente",
  "length": 0,
  "link_filters": null,
  "mandatory_depends_on": null,
  "modified": "2025-07-17 16:24:36.246846",
  "module": "ClienteSetup",
  "name": "Customer-custom_jos_nombre_cliente",
  "no_copy": 0,
  "non_negative": 0,
  "options": null,
  "permlevel": 0,
  "placeholder": null,
  "precision": "",
  "print_hide": 0,
  "print_hide_if_no_value": 0,
  "print_width": null,
  "read_only": 0,
  "read_only_depends_on": null,
  "report_hide": 0,
  "reqd": 1,
  "search_index": 0,
  "show_dashboard": 0,
  "sort_options": 0,
  "translatable": 1,
  "unique": 0,
  "width": null
 },
 {
  "allow_in_quick_entry": 0,
  "allow_on_submit": 0,
  "bold": 0,
  "collapsible": 0,
  "collapsible_depends_on": null,
  "columns": 0,
  "default": "Quito",
  "depends_on": null,
  "description": null,
  "docstatus": 0,
  "doctype": "Custom Field",
  "dt": "Supplier",
  "fetch_from": null,
  "fetch_if_empty": 0,
  "fieldname": "custom_jos_city2",
  "fieldtype": "Select",
  "hidden": 0,
  "hide_border": 0,
  "hide_days": 0,
  "hide_seconds": 0,
  "ignore_user_permissions": 0,
  "ignore_xss_filter": 0,
  "in_global_search": 0,
  "in_list_view": 0,
  "in_preview": 0,
  "in_standard_filter": 0,
  "insert_after": "custom_jos_direccion",
  "is_system_generated": 0,
  "is_virtual": 0,
  "label": "Ciudad EC",
  "length": 0,
  "link_filters": null,
  "mandatory_depends_on": null,
  "modified": "2025-07-26 00:30:07.797174",
  "module": "Compras",
  "name": "Supplier-custom_jos_city2",
  "no_copy": 0,
  "non_negative": 0,
  "options": "Quito\nGuayaquil\nCuenca\nSanto Domingo\nMachala\nDurán\nPortoviejo\nManta\nLoja\nAmbato\nEsmeraldas\nQuevedo\nRiobamba\nMilagro\nIbarra\nBabahoyo\nLatacunga\nTulcán\nCayambe\nLa Libertad\nOTRA CIUDAD",
  "permlevel": 0,
  "placeholder": null,
  "precision": "",
  "print_hide": 0,
  "print_hide_if_no_value": 0,
  "print_width": null,
  "read_only": 0,
  "read_only_depends_on": null,
  "report_hide": 0,
  "reqd": 1,
  "search_index": 0,
  "show_dashboard": 0,
  "sort_options": 0,
  "translatable": 1,
  "unique": 0,
  "width": null
 },
 {
  "allow_in_quick_entry": 0,
  "allow_on_submit": 0,
  "bold": 0,
  "collapsible": 0,
  "collapsible_depends_on": null,
  "columns": 0,
  "default": null,
  "depends_on": null,
  "description": null,
  "docstatus": 0,
  "doctype": "Custom Field",
  "dt": "Company",
  "fetch_from": null,
  "fetch_if_empty": 0,
  "fieldname": "custom_jos_nombre_comercial",
  "fieldtype": "Data",
  "hidden": 0,
  "hide_border": 0,
  "hide_days": 0,
  "hide_seconds": 0,
  "ignore_user_permissions": 0,
  "ignore_xss_filter": 0,
  "in_global_search": 0,
  "in_list_view": 0,
  "in_preview": 0,
  "in_standard_filter": 0,
  "insert_after": "custom_jos_razon_social",
  "is_system_generated": 0,
  "is_virtual": 0,
  "label": "Nombre Comercial",
  "length": 70,
  "link_filters": null,
  "mandatory_depends_on": null,
  "modified": "2025-07-22 23:10:06.275928",
  "module": "My_Data",
  "name": "Company-custom_jos_nombre_comercial",
  "no_copy": 0,
  "non_negative": 0,
  "options": null,
  "permlevel": 0,
  "placeholder": null,
  "precision": "",
  "print_hide": 0,
  "print_hide_if_no_value": 0,
  "print_width": null,
  "read_only": 0,
  "read_only_depends_on": null,
  "report_hide": 0,
  "reqd": 0,
  "search_index": 0,
  "show_dashboard": 0,
  "sort_options": 0,
  "translatable": 1,
  "unique": 0,
  "width": null
 },
 {
  "allow_in_quick_entry": 0,
  "allow_on_submit": 0,
  "bold": 0,
  "collapsible": 0,
  "collapsible_depends_on": null,
  "columns": 0,
  "default": null,
  "depends_on": null,
  "description": null,
  "docstatus": 0,
  "doctype": "Custom Field",
  "dt": "Sales Invoice",
  "fetch_from": null,
  "fetch_if_empty": 0,
  "fieldname": "custom_jos_level3_warehouse_display",
  "fieldtype": "Data",
  "hidden": 0,
  "hide_border": 0,
  "hide_days": 0,
  "hide_seconds": 0,
  "ignore_user_permissions": 0,
  "ignore_xss_filter": 0,
  "in_global_search": 0,
  "in_list_view": 0,
  "in_preview": 0,
  "in_standard_filter": 0,
  "insert_after": "customer",
  "is_system_generated": 0,
  "is_virtual": 0,
  "label": "Sucursal",
  "length": 0,
  "link_filters": null,
  "mandatory_depends_on": null,
  "modified": "2025-08-29 08:20:14.505438",
  "module": "sri_invoicing",
  "name": "Sales Invoice-custom_jos_level3_warehouse_display",
  "no_copy": 0,
  "non_negative": 0,
  "options": null,
  "permlevel": 0,
  "placeholder": null,
  "precision": "",
  "print_hide": 0,
  "print_hide_if_no_value": 0,
  "print_width": null,
  "read_only": 1,
  "read_only_depends_on": null,
  "report_hide": 0,
  "reqd": 0,
  "search_index": 0,
  "show_dashboard": 0,
  "sort_options": 0,
  "translatable": 0,
  "unique": 0,
  "width": null
 },
 {
  "allow_in_quick_entry": 0,
  "allow_on_submit": 0,
  "bold": 0,
  "collapsible": 0,
  "collapsible_depends_on": null,
  "columns": 0,
  "default": null,
  "depends_on": null,
  "description": null,
  "docstatus": 0,
  "doctype": "Custom Field",
  "dt": "Customer",
  "fetch_from": null,
  "fetch_if_empty": 0,
  "fieldname": "custom_jos_direccion",
  "fieldtype": "Data",
  "hidden": 0,
  "hide_border": 0,
  "hide_days": 0,
  "hide_seconds": 0,
  "ignore_user_permissions": 0,
  "ignore_xss_filter": 0,
  "in_global_search": 0,
  "in_list_view": 0,
  "in_preview": 0,
  "in_standard_filter": 0,
  "insert_after": "custom_jos_nombre_cliente",
  "is_system_generated": 0,
  "is_virtual": 0,
  "label": "Dirección",
  "length": 0,
  "link_filters": null,
  "mandatory_depends_on": null,
  "modified": "2025-07-17 16:24:36.604859",
  "module": "ClienteSetup",
  "name": "Customer-custom_jos_direccion",
  "no_copy": 0,
  "non_negative": 0,
  "options": null,
  "permlevel": 0,
  "placeholder": null,
  "precision": "",
  "print_hide": 0,
  "print_hide_if_no_value": 0,
  "print_width": null,
  "read_only": 0,
  "read_only_depends_on": null,
  "report_hide": 0,
  "reqd": 1,
  "search_index": 0,
  "show_dashboard": 0,
  "sort_options": 0,
  "translatable": 1,
  "unique": 0,
  "width": null
 },
 {
  "allow_in_quick_entry": 1,
  "allow_on_submit": 0,
  "bold": 0,
  "collapsible": 0,
  "collapsible_depends_on": null,
  "columns": 0,
  "default": "Quito",
  "depends_on": null,
  "description": "<span style=\"font-style: italic; font-size: 11px; margin-left: 20px;\">Si no es ciudad Ecuatoriana, escoger 'OTRA CIUDAD'</span>",
  "docstatus": 0,
  "doctype": "Custom Field",
  "dt": "Address",
  "fetch_from": null,
  "fetch_if_empty": 0,
  "fieldname": "custom_jos_ecua_cities",
  "fieldtype": "Select",
  "hidden": 0,
  "hide_border": 0,
  "hide_days": 0,
  "hide_seconds": 0,
  "ignore_user_permissions": 0,
  "ignore_xss_filter": 0,
  "in_global_search": 0,
  "in_list_view": 0,
  "in_preview": 0,
  "in_standard_filter": 0,
  "insert_after": "address_line2",
  "is_system_generated": 0,
  "is_virtual": 0,
  "label": "Ciudad EC",
  "length": 0,
  "link_filters": null,
  "mandatory_depends_on": null,
  "modified": "2025-07-17 16:24:36.823536",
  "module": "ClienteSetup",
  "name": "Address-custom_jos_ecua_cities",
  "no_copy": 0,
  "non_negative": 0,
  "options": "Quito\nGuayaquil\nCuenca\nSanto Domingo\nMachala\nDurán\nManta\nPortoviejo\nLoja\nAmbato\nEsmeraldas\nRiobamba\nIbarra\nQuevedo\nMilagro\nLatacunga\nBabahoyo\nTulcán\nChone\nSalinas\nOTRA CIUDAD",
  "permlevel": 0,
  "placeholder": null,
  "precision": "",
  "print_hide": 0,
  "print_hide_if_no_value": 0,
  "print_width": null,
  "read_only": 0,
  "read_only_depends_on": null,
  "report_hide": 0,
  "reqd": 1,
  "search_index": 0,
  "show_dashboard": 0,
  "sort_options": 1,
  "translatable": 1,
  "unique": 0,
  "width": null
 },
 {
  "allow_in_quick_entry": 0,
  "allow_on_submit": 0,
  "bold": 0,
  "collapsible": 0,
  "collapsible_depends_on": null,
  "columns": 0,
  "default": "Ecuador",
  "depends_on": null,
  "description": null,
  "docstatus": 0,
  "doctype": "Custom Field",
  "dt": "Supplier",
  "fetch_from": null,
  "fetch_if_empty": 0,
  "fieldname": "custom_jos_country",
  "fieldtype": "Select",
  "hidden": 0,
  "hide_border": 0,
  "hide_days": 0,
  "hide_seconds": 0,
  "ignore_user_permissions": 0,
  "ignore_xss_filter": 0,
  "in_global_search": 0,
  "in_list_view": 0,
  "in_preview": 0,
  "in_standard_filter": 0,
  "insert_after": "custom_jos_city2",
  "is_system_generated": 0,
  "is_virtual": 0,
  "label": "País",
  "length": 0,
  "link_filters": null,
  "mandatory_depends_on": null,
  "modified": "2025-07-26 00:29:22.031280",
  "module": "Compras",
  "name": "Supplier-custom_jos_country",
  "no_copy": 0,
  "non_negative": 0,
  "options": "Afghanistan\nAlbania\nAlgeria\nAndorra\nAngola\nArgentina\nArmenia\nAustralia\nAustria\nAzerbaijan\nBahamas\nBahrain\nBangladesh\nBarbados\nBelarus\nBelgium\nBelize\nBenin\nBhutan\nBolivia\nBosnia and Herzegovina\nBotswana\nBrazil\nBrunei\nBulgaria\nBurkina Faso\nBurundi\nCambodia\nCameroon\nCanada\nCape Verde\nCentral African Republic\nChad\nChile\nChina\nColombia\nComoros\nCosta Rica\nCroatia\nCuba\nCyprus\nCzech Republic\nDenmark\nDjibouti\nDominica\nDominican Republic\nEcuador\nEgypt\nEl Salvador\nEquatorial Guinea\nEritrea\nEstonia\nEswatini\nEthiopia\nFiji\nFinland\nFrance\nGabon\nGambia\nGeorgia\nGermany\nGhana\nGreece\nGrenada\nGuatemala\nGuinea\nGuinea-Bissau\nGuyana\nHaiti\nHonduras\nHungary\nIceland\nIndia\nIndonesia\nIran\nIraq\nIreland\nIsrael\nItaly\nIvory Coast\nJamaica\nJapan\nJordan\nKazakhstan\nKenya\nKiribati\nKuwait\nKyrgyzstan\nLaos\nLatvia\nLebanon\nLesotho\nLiberia\nLibya\nLiechtenstein\nLithuania\nLuxembourg\nMadagascar\nMalawi\nMalaysia\nMaldives\nMali\nMalta\nMarshall Islands\nMauritania\nMauritius\nMexico\nMicronesia\nMoldova\nMonaco\nMongolia\nMontenegro\nMorocco\nMozambique\nMyanmar\nNamibia\nNauru\nNepal\nNetherlands\nNew Zealand\nNicaragua\nNiger\nNigeria\nNorth Korea\nNorth Macedonia\nNorway\nOman\nPakistan\nPalau\nPalestine\nPanama\nPapua New Guinea\nParaguay\nPeru\nPhilippines\nPoland\nPortugal\nQatar\nRepublic of the Congo\nRomania\nRussia\nRwanda\nSaint Kitts and Nevis\nSaint Lucia\nSaint Vincent and the Grenadines\nSamoa\nSan Marino\nSao Tome and Principe\nSaudi Arabia\nSenegal\nSerbia\nSeychelles\nSierra Leone\nSingapore\nSlovakia\nSlovenia\nSolomon Islands\nSomalia\nSouth Africa\nSouth Korea\nSouth Sudan\nSpain\nSri Lanka\nSudan\nSuriname\nSweden\nSwitzerland\nSyria\nTaiwan\nTajikistan\nTanzania\nThailand\nTimor-Leste\nTogo\nTonga\nTrinidad and Tobago\nTunisia\nTurkey\nTurkmenistan\nTuvalu\nUganda\nUkraine\nUnited Arab Emirates\nUnited Kingdom\nUnited States\nUruguay\nUzbekistan\nVanuatu\nVatican City\nVenezuela\nVietnam\nYemen\nZambia\nZimbabwe",
  "permlevel": 0,
  "placeholder": null,
  "precision": "",
  "print_hide": 0,
  "print_hide_if_no_value": 0,
  "print_width": null,
  "read_only": 0,
  "read_only_depends_on": null,
  "report_hide": 0,
  "reqd": 1,
  "search_index": 0,
  "show_dashboard": 0,
  "sort_options": 0,
  "translatable": 1,
  "unique": 0,
  "width": null
 },
 {
  "allow_in_quick_entry": 0,
  "allow_on_submit": 0,
  "bold": 0,
  "collapsible": 0,
  "collapsible_depends_on": null,
  "columns": 0,
  "default": null,
  "depends_on": null,
  "description": null,
  "docstatus": 0,
  "doctype": "Custom Field",
  "dt": "Company",
  "fetch_from": null,
  "fetch_if_empty": 0,
  "fieldname": "custom_jos_direccion_matriz",
  "fieldtype": "Data",
  "hidden": 0,
  "hide_border": 0,
  "hide_days": 0,
  "hide_seconds": 0,
  "ignore_user_permissions": 0,
  "ignore_xss_filter": 0,
  "in_global_search": 0,
  "in_list_view": 0,
  "in_preview": 0,
  "in_standard_filter": 0,
  "insert_after": "custom_jos_nombre_comercial",
  "is_system_generated": 0,
  "is_virtual": 0,
  "label": "Direccion Matriz",
  "length": 0,
  "link_filters": null,
  "mandatory_depends_on": null,
  "modified": "2025-07-21 00:09:52.597240",
  "module": "My_Data",
  "name": "Company-custom_jos_direccion_matriz",
  "no_copy": 0,
  "non_negative": 0,
  "options": null,
  "permlevel": 0,
  "placeholder": null,
  "precision": "",
  "print_hide": 0,
  "print_hide_if_no_value": 0,
  "print_width": null,
  "read_only": 0,
  "read_only_depends_on": null,
  "report_hide": 0,
  "reqd": 1,
  "search_index": 0,
  "show_dashboard": 0,
  "sort_options": 0,
  "translatable": 0,
  "unique": 0,
  "width": null
 },
 {
  "allow_in_quick_entry": 0,
  "allow_on_submit": 0,
  "bold": 0,
  "collapsible": 0,
  "collapsible_depends_on": null,
  "columns": 0,
  "default": null,
  "depends_on": null,
  "description": null,
  "docstatus": 0,
  "doctype": "Custom Field",
  "dt": "Warehouse",
  "fetch_from": null,
  "fetch_if_empty": 0,
  "fieldname": "custom_sri_is_establishment",
  "fieldtype": "Check",
  "hidden": 0,
  "hide_border": 0,
  "hide_days": 0,
  "hide_seconds": 0,
  "ignore_user_permissions": 0,
  "ignore_xss_filter": 0,
  "in_global_search": 0,
  "in_list_view": 0,
  "in_preview": 0,
  "in_standard_filter": 0,
  "insert_after": "is_group",
  "is_system_generated": 0,
  "is_virtual": 0,
  "label": "sri_is_establishment",
  "length": 0,
  "link_filters": null,
  "mandatory_depends_on": null,
  "modified": "2025-08-17 22:42:26.029043",
  "module": "sri_invoicing",
  "name": "Warehouse-custom_sri_is_establishment",
  "no_copy": 0,
  "non_negative": 0,
  "options": null,
  "permlevel": 0,
  "placeholder": null,
  "precision": "",
  "print_hide": 0,
  "print_hide_if_no_value": 0,
  "print_width": null,
  "read_only": 0,
  "read_only_depends_on": null,
  "report_hide": 0,
  "reqd": 0,
  "search_index": 0,
  "show_dashboard": 0,
  "sort_options": 0,
  "translatable": 0,
  "unique": 0,
  "width": null
 },
 {
  "allow_in_quick_entry": 0,
  "allow_on_submit": 0,
  "bold": 0,
  "collapsible": 0,
  "collapsible_depends_on": null,
  "columns": 0,
  "default": null,
  "depends_on": null,
  "description": null,
  "docstatus": 0,
  "doctype": "Custom Field",
  "dt": "Sales Invoice",
  "fetch_from": null,
  "fetch_if_empty": 0,
  "fieldname": "custom_jos_level3_warehouse",
  "fieldtype": "Link",
  "hidden": 0,
  "hide_border": 0,
  "hide_days": 0,
  "hide_seconds": 0,
  "ignore_user_permissions": 0,
  "ignore_xss_filter": 0,
  "in_global_search": 0,
  "in_list_view": 0,
  "in_preview": 0,
  "in_standard_filter": 0,
  "insert_after": "custom_jos_level3_warehouse_display",
  "is_system_generated": 0,
  "is_virtual": 0,
  "label": "Sucursal",
  "length": 0,
  "link_filters": null,
  "mandatory_depends_on": null,
  "modified": "2025-08-29 08:09:15.328696",
  "module": "sri_invoicing",
  "name": "Sales Invoice-custom_jos_level3_warehouse",
  "no_copy": 0,
  "non_negative": 0,
  "options": "Warehouse",
  "permlevel": 0,
  "placeholder": null,
  "precision": "",
  "print_hide": 0,
  "print_hide_if_no_value": 0,
  "print_width": null,
  "read_only": 0,
  "read_only_depends_on": null,
  "report_hide": 0,
  "reqd": 1,
  "search_index": 0,
  "show_dashboard": 0,
  "sort_options": 0,
  "translatable": 0,
  "unique": 0,
  "width": null
 },
 {
  "allow_in_quick_entry": 0,
  "allow_on_submit": 0,
  "bold": 0,
  "collapsible": 0,
  "collapsible_depends_on": null,
  "columns": 0,
  "default": "Quito",
  "depends_on": null,
  "description": null,
  "docstatus": 0,
  "doctype": "Custom Field",
  "dt": "Customer",
  "fetch_from": null,
  "fetch_if_empty": 0,
  "fieldname": "custom_jos_city2",
  "fieldtype": "Select",
  "hidden": 0,
  "hide_border": 0,
  "hide_days": 0,
  "hide_seconds": 0,
  "ignore_user_permissions": 0,
  "ignore_xss_filter": 0,
  "in_global_search": 0,
  "in_list_view": 0,
  "in_preview": 0,
  "in_standard_filter": 0,
  "insert_after": "custom_jos_direccion",
  "is_system_generated": 0,
  "is_virtual": 0,
  "label": "Ciudad EC",
  "length": 0,
  "link_filters": null,
  "mandatory_depends_on": null,
  "modified": "2025-07-17 16:24:36.677956",
  "module": "ClienteSetup",
  "name": "Customer-custom_jos_city2",
  "no_copy": 0,
  "non_negative": 0,
  "options": "Quito\nGuayaquil\nCuenca\nSanto Domingo\nMachala\nDurán\nPortoviejo\nManta\nLoja\nAmbato\nEsmeraldas\nQuevedo\nRiobamba\nMilagro\nIbarra\nBabahoyo\nLatacunga\nTulcán\nCayambe\nLa Libertad\nOTRA CIUDAD",
  "permlevel": 0,
  "placeholder": null,
  "precision": "",
  "print_hide": 0,
  "print_hide_if_no_value": 0,
  "print_width": null,
  "read_only": 0,
  "read_only_depends_on": null,
  "report_hide": 0,
  "reqd": 1,
  "search_index": 0,
  "show_dashboard": 0,
  "sort_options": 0,
  "translatable": 1,
  "unique": 0,
  "width": null
 },
 {
  "allow_in_quick_entry": 0,
  "allow_on_submit": 0,
  "bold": 0,
  "collapsible": 0,
  "collapsible_depends_on": null,
  "columns": 0,
  "default": null,
  "depends_on": null,
  "description": null,
  "docstatus": 0,
  "doctype": "Custom Field",
  "dt": "Supplier",
  "fetch_from": null,
  "fetch_if_empty": 0,
  "fieldname": "custom_column_break_fzysk",
  "fieldtype": "Column Break",
  "hidden": 0,
  "hide_border": 0,
  "hide_days": 0,
  "hide_seconds": 0,
  "ignore_user_permissions": 0,
  "ignore_xss_filter": 0,
  "in_global_search": 0,
  "in_list_view": 0,
  "in_preview": 0,
  "in_standard_filter": 0,
  "insert_after": "custom_jos_country",
  "is_system_generated": 0,
  "is_virtual": 0,
  "label": "",
  "length": 0,
  "link_filters": null,
  "mandatory_depends_on": null,
  "modified": "2025-07-26 00:29:58.283843",
  "module": "Compras",
  "name": "Supplier-custom_column_break_fzysk",
  "no_copy": 0,
  "non_negative": 0,
  "options": null,
  "permlevel": 0,
  "placeholder": null,
  "precision": "",
  "print_hide": 0,
  "print_hide_if_no_value": 0,
  "print_width": null,
  "read_only": 0,
  "read_only_depends_on": null,
  "report_hide": 0,
  "reqd": 0,
  "search_index": 0,
  "show_dashboard": 0,
  "sort_options": 0,
  "translatable": 0,
  "unique": 0,
  "width": null
 },
 {
  "allow_in_quick_entry": 0,
  "allow_on_submit": 0,
  "bold": 0,
  "collapsible": 0,
  "collapsible_depends_on": null,
  "columns": 0,
  "default": null,
  "depends_on": null,
  "description": null,
  "docstatus": 0,
  "doctype": "Custom Field",
  "dt": "Company",
  "fetch_from": null,
  "fetch_if_empty": 0,
  "fieldname": "custom_column_break_d2bnh",
  "fieldtype": "Column Break",
  "hidden": 0,
  "hide_border": 0,
  "hide_days": 0,
  "hide_seconds": 0,
  "ignore_user_permissions": 0,
  "ignore_xss_filter": 0,
  "in_global_search": 0,
  "in_list_view": 0,
  "in_preview": 0,
  "in_standard_filter": 0,
  "insert_after": "custom_jos_direccion_matriz",
  "is_system_generated": 0,
  "is_virtual": 0,
  "label": "",
  "length": 0,
  "link_filters": null,
  "mandatory_depends_on": null,
  "modified": "2025-07-19 00:22:04.911405",
  "module": "My_Data",
  "name": "Company-custom_column_break_d2bnh",
  "no_copy": 0,
  "non_negative": 0,
  "options": null,
  "permlevel": 0,
  "placeholder": null,
  "precision": "",
  "print_hide": 0,
  "print_hide_if_no_value": 0,
  "print_width": null,
  "read_only": 0,
  "read_only_depends_on": null,
  "report_hide": 0,
  "reqd": 0,
  "search_index": 0,
  "show_dashboard": 0,
  "sort_options": 0,
  "translatable": 0,
  "unique": 0,
  "width": null
 },
 {
  "allow_in_quick_entry": 0,
  "allow_on_submit": 0,
  "bold": 0,
  "collapsible": 0,
  "collapsible_depends_on": null,
  "columns": 0,
  "default": null,
  "depends_on": null,
  "description": null,
  "docstatus": 0,
  "doctype": "Custom Field",
  "dt": "Sales Invoice",
  "fetch_from": null,
  "fetch_if_empty": 0,
  "fieldname": "custom_jos_sri_emission_point_code",
  "fieldtype": "Select",
  "hidden": 0,
  "hide_border": 0,
  "hide_days": 0,
  "hide_seconds": 0,
  "ignore_user_permissions": 0,
  "ignore_xss_filter": 0,
  "in_global_search": 0,
  "in_list_view": 0,
  "in_preview": 0,
  "in_standard_filter": 0,
  "insert_after": "custom_jos_level3_warehouse",
  "is_system_generated": 0,
  "is_virtual": 0,
  "label": "Punto de Emisión",
  "length": 0,
  "link_filters": null,
  "mandatory_depends_on": null,
  "modified": "2025-08-19 10:06:07.115702",
  "module": "sri_invoicing",
  "name": "Sales Invoice-custom_jos_sri_emission_point_code",
  "no_copy": 0,
  "non_negative": 0,
  "options": null,
  "permlevel": 0,
  "placeholder": null,
  "precision": "",
  "print_hide": 0,
  "print_hide_if_no_value": 0,
  "print_width": null,
  "read_only": 0,
  "read_only_depends_on": null,
  "report_hide": 0,
  "reqd": 1,
  "search_index": 0,
  "show_dashboard": 0,
  "sort_options": 0,
  "translatable": 1,
  "unique": 0,
  "width": null
 },
 {
  "allow_in_quick_entry": 0,
  "allow_on_submit": 0,
  "bold": 0,
  "collapsible": 0,
  "collapsible_depends_on": null,
  "columns": 0,
  "default": "Ecuador",
  "depends_on": null,
  "description": null,
  "docstatus": 0,
  "doctype": "Custom Field",
  "dt": "Customer",
  "fetch_from": null,
  "fetch_if_empty": 0,
  "fieldname": "custom_jos_country",
  "fieldtype": "Select",
  "hidden": 0,
  "hide_border": 0,
  "hide_days": 0,
  "hide_seconds": 0,
  "ignore_user_permissions": 0,
  "ignore_xss_filter": 0,
  "in_global_search": 0,
  "in_list_view": 0,
  "in_preview": 0,
  "in_standard_filter": 0,
  "insert_after": "custom_jos_city2",
  "is_system_generated": 0,
  "is_virtual": 0,
  "label": "País",
  "length": 0,
  "link_filters": null,
  "mandatory_depends_on": null,
  "modified": "2025-07-17 16:24:36.532037",
  "module": "ClienteSetup",
  "name": "Customer-custom_jos_country",
  "no_copy": 0,
  "non_negative": 0,
  "options": "Afghanistan\nAlbania\nAlgeria\nAndorra\nAngola\nArgentina\nArmenia\nAustralia\nAustria\nAzerbaijan\nBahamas\nBahrain\nBangladesh\nBarbados\nBelarus\nBelgium\nBelize\nBenin\nBhutan\nBolivia\nBosnia and Herzegovina\nBotswana\nBrazil\nBrunei\nBulgaria\nBurkina Faso\nBurundi\nCambodia\nCameroon\nCanada\nCape Verde\nCentral African Republic\nChad\nChile\nChina\nColombia\nComoros\nCosta Rica\nCroatia\nCuba\nCyprus\nCzech Republic\nDenmark\nDjibouti\nDominica\nDominican Republic\nEcuador\nEgypt\nEl Salvador\nEquatorial Guinea\nEritrea\nEstonia\nEswatini\nEthiopia\nFiji\nFinland\nFrance\nGabon\nGambia\nGeorgia\nGermany\nGhana\nGreece\nGrenada\nGuatemala\nGuinea\nGuinea-Bissau\nGuyana\nHaiti\nHonduras\nHungary\nIceland\nIndia\nIndonesia\nIran\nIraq\nIreland\nIsrael\nItaly\nIvory Coast\nJamaica\nJapan\nJordan\nKazakhstan\nKenya\nKiribati\nKuwait\nKyrgyzstan\nLaos\nLatvia\nLebanon\nLesotho\nLiberia\nLibya\nLiechtenstein\nLithuania\nLuxembourg\nMadagascar\nMalawi\nMalaysia\nMaldives\nMali\nMalta\nMarshall Islands\nMauritania\nMauritius\nMexico\nMicronesia\nMoldova\nMonaco\nMongolia\nMontenegro\nMorocco\nMozambique\nMyanmar\nNamibia\nNauru\nNepal\nNetherlands\nNew Zealand\nNicaragua\nNiger\nNigeria\nNorth Korea\nNorth Macedonia\nNorway\nOman\nPakistan\nPalau\nPalestine\nPanama\nPapua New Guinea\nParaguay\nPeru\nPhilippines\nPoland\nPortugal\nQatar\nRepublic of the Congo\nRomania\nRussia\nRwanda\nSaint Kitts and Nevis\nSaint Lucia\nSaint Vincent and the Grenadines\nSamoa\nSan Marino\nSao Tome and Principe\nSaudi Arabia\nSenegal\nSerbia\nSeychelles\nSierra Leone\nSingapore\nSlovakia\nSlovenia\nSolomon Islands\nSomalia\nSouth Africa\nSouth Korea\nSouth Sudan\nSpain\nSri Lanka\nSudan\nSuriname\nSweden\nSwitzerland\nSyria\nTaiwan\nTajikistan\nTanzania\nThailand\nTimor-Leste\nTogo\nTonga\nTrinidad and Tobago\nTunisia\nTurkey\nTurkmenistan\nTuvalu\nUganda\nUkraine\nUnited Arab Emirates\nUnited Kingdom\nUnited States\nUruguay\nUzbekistan\nVanuatu\nVatican City\nVenezuela\nVietnam\nYemen\nZambia\nZimbabwe",
  "permlevel": 0,
  "placeholder": null,
  "precision": "",
  "print_hide": 0,
  "print_hide_if_no_value": 0,
  "print_width": null,
  "read_only": 0,
  "read_only_depends_on": null,
  "report_hide": 0,
  "reqd": 1,
  "search_index": 0,
  "show_dashboard": 0,
  "sort_options": 1,
  "translatable": 1,
  "unique": 0,
  "width": null
 },
 {
  "allow_in_quick_entry": 0,
  "allow_on_submit": 0,
  "bold": 0,
  "collapsible": 0,
  "collapsible_depends_on": null,
  "columns": 0,
  "default": null,
  "depends_on": null,
  "description": null,
  "docstatus": 0,
  "doctype": "Custom Field",
  "dt": "Supplier",
  "fetch_from": null,
  "fetch_if_empty": 0,
  "fieldname": "custom_jos_emails",
  "fieldtype": "Table",
  "hidden": 0,
  "hide_border": 0,
  "hide_days": 0,
  "hide_seconds": 0,
  "ignore_user_permissions": 0,
  "ignore_xss_filter": 0,
  "in_global_search": 0,
  "in_list_view": 0,
  "in_preview": 0,
  "in_standard_filter": 0,
  "insert_after": "custom_column_break_fzysk",
  "is_system_generated": 0,
  "is_virtual": 0,
  "label": "Emails",
  "length": 0,
  "link_filters": null,
  "mandatory_depends_on": null,
  "modified": "2025-07-26 00:29:04.877245",
  "module": "Compras",
  "name": "Supplier-custom_jos_emails",
  "no_copy": 0,
  "non_negative": 0,
  "options": "Contact Email",
  "permlevel": 0,
  "placeholder": null,
  "precision": "",
  "print_hide": 0,
  "print_hide_if_no_value": 0,
  "print_width": null,
  "read_only": 0,
  "read_only_depends_on": null,
  "report_hide": 0,
  "reqd": 0,
  "search_index": 0,
  "show_dashboard": 0,
  "sort_options": 0,
  "translatable": 0,
  "unique": 0,
  "width": null
 },
 {
  "allow_in_quick_entry": 0,
  "allow_on_submit": 0,
  "bold": 0,
  "collapsible": 0,
  "collapsible_depends_on": null,
  "columns": 0,
  "default": null,
  "depends_on": null,
  "description": null,
  "docstatus": 0,
  "doctype": "Custom Field",
  "dt": "Company",
  "fetch_from": null,
  "fetch_if_empty": 0,
  "fieldname": "custom_jos_contribuyente_especial_nro_resolucion",
  "fieldtype": "Data",
  "hidden": 0,
  "hide_border": 0,
  "hide_days": 0,
  "hide_seconds": 0,
  "ignore_user_permissions": 0,
  "ignore_xss_filter": 0,
  "in_global_search": 0,
  "in_list_view": 0,
  "in_preview": 0,
  "in_standard_filter": 0,
  "insert_after": "custom_column_break_d2bnh",
  "is_system_generated": 0,
  "is_virtual": 0,
  "label": "Contribuyente Especial Resolución Nro.",
  "length": 10,
  "link_filters": null,
  "mandatory_depends_on": null,
  "modified": "2025-07-19 01:08:12.815326",
  "module": "My_Data",
  "name": "Company-custom_jos_contribuyente_especial_nro_resolucion",
  "no_copy": 0,
  "non_negative": 0,
  "options": null,
  "permlevel": 0,
  "placeholder": null,
  "precision": "",
  "print_hide": 0,
  "print_hide_if_no_value": 0,
  "print_width": null,
  "read_only": 0,
  "read_only_depends_on": null,
  "report_hide": 0,
  "reqd": 0,
  "search_index": 0,
  "show_dashboard": 0,
  "sort_options": 0,
  "translatable": 1,
  "unique": 0,
  "width": null
 },
 {
  "allow_in_quick_entry": 0,
  "allow_on_submit": 0,
  "bold": 0,
  "collapsible": 0,
  "collapsible_depends_on": null,
  "columns": 0,
  "default": null,
  "depends_on": null,
  "description": null,
  "docstatus": 0,
  "doctype": "Custom Field",
  "dt": "Customer",
  "fetch_from": null,
  "fetch_if_empty": 0,
  "fieldname": "custom_column_break_vms68",
  "fieldtype": "Column Break",
  "hidden": 0,
  "hide_border": 0,
  "hide_days": 0,
  "hide_seconds": 0,
  "ignore_user_permissions": 0,
  "ignore_xss_filter": 0,
  "in_global_search": 0,
  "in_list_view": 0,
  "in_preview": 0,
  "in_standard_filter": 0,
  "insert_after": "custom_jos_country",
  "is_system_generated": 0,
  "is_virtual": 0,
  "label": "",
  "length": 0,
  "link_filters": null,
  "mandatory_depends_on": null,
  "modified": "2025-07-17 16:24:36.458820",
  "module": "ClienteSetup",
  "name": "Customer-custom_column_break_vms68",
  "no_copy": 0,
  "non_negative": 0,
  "options": null,
  "permlevel": 0,
  "placeholder": null,
  "precision": "",
  "print_hide": 0,
  "print_hide_if_no_value": 0,
  "print_width": null,
  "read_only": 0,
  "read_only_depends_on": null,
  "report_hide": 0,
  "reqd": 0,
  "search_index": 0,
  "show_dashboard": 0,
  "sort_options": 0,
  "translatable": 0,
  "unique": 0,
  "width": null
 },
 {
  "allow_in_quick_entry": 0,
  "allow_on_submit": 0,
  "bold": 0,
  "collapsible": 0,
  "collapsible_depends_on": null,
  "columns": 0,
  "default": null,
  "depends_on": null,
  "description": null,
  "docstatus": 0,
  "doctype": "Custom Field",
  "dt": "Supplier",
  "fetch_from": null,
  "fetch_if_empty": 0,
  "fieldname": "custom_jos_telefonos",
  "fieldtype": "Table",
  "hidden": 0,
  "hide_border": 0,
  "hide_days": 0,
  "hide_seconds": 0,
  "ignore_user_permissions": 0,
  "ignore_xss_filter": 0,
  "in_global_search": 0,
  "in_list_view": 0,
  "in_preview": 0,
  "in_standard_filter": 0,
  "insert_after": "custom_jos_emails",
  "is_system_generated": 0,
  "is_virtual": 0,
  "label": "Teléfonos",
  "length": 0,
  "link_filters": null,
  "mandatory_depends_on": null,
  "modified": "2025-07-26 00:28:54.097150",
  "module": "Compras",
  "name": "Supplier-custom_jos_telefonos",
  "no_copy": 0,
  "non_negative": 0,
  "options": "Contact Phone",
  "permlevel": 0,
  "placeholder": null,
  "precision": "",
  "print_hide": 0,
  "print_hide_if_no_value": 0,
  "print_width": null,
  "read_only": 0,
  "read_only_depends_on": null,
  "report_hide": 0,
  "reqd": 0,
  "search_index": 0,
  "show_dashboard": 0,
  "sort_options": 0,
  "translatable": 0,
  "unique": 0,
  "width": "3,1,1,1,1"
 },
 {
  "allow_in_quick_entry": 0,
  "allow_on_submit": 0,
  "bold": 0,
  "collapsible": 0,
  "collapsible_depends_on": null,
  "columns": 0,
  "default": null,
  "depends_on": null,
  "description": null,
  "docstatus": 0,
  "doctype": "Custom Field",
  "dt": "Company",
  "fetch_from": null,
  "fetch_if_empty": 0,
  "fieldname": "custom_jos_contabilidad",
  "fieldtype": "Check",
  "hidden": 0,
  "hide_border": 0,
  "hide_days": 0,
  "hide_seconds": 0,
  "ignore_user_permissions": 0,
  "ignore_xss_filter": 0,
  "in_global_search": 0,
  "in_list_view": 0,
  "in_preview": 0,
  "in_standard_filter": 0,
  "insert_after": "custom_jos_contribuyente_especial_nro_resolucion",
  "is_system_generated": 0,
  "is_virtual": 0,
  "label": "Obligado a llevar Contabilidad",
  "length": 0,
  "link_filters": null,
  "mandatory_depends_on": null,
  "modified": "2025-07-19 00:21:57.475171",
  "module": "My_Data",
  "name": "Company-custom_jos_contabilidad",
  "no_copy": 0,
  "non_negative": 0,
  "options": null,
  "permlevel": 0,
  "placeholder": null,
  "precision": "",
  "print_hide": 0,
  "print_hide_if_no_value": 0,
  "print_width": null,
  "read_only": 0,
  "read_only_depends_on": null,
  "report_hide": 0,
  "reqd": 0,
  "search_index": 0,
  "show_dashboard": 0,
  "sort_options": 0,
  "translatable": 0,
  "unique": 0,
  "width": null
 },
 {
  "allow_in_quick_entry": 0,
  "allow_on_submit": 0,
  "bold": 0,
  "collapsible": 0,
  "collapsible_depends_on": null,
  "columns": 0,
  "default": null,
  "depends_on": null,
  "description": null,
  "docstatus": 0,
  "doctype": "Custom Field",
  "dt": "Customer",
  "fetch_from": null,
  "fetch_if_empty": 0,
  "fieldname": "custom_jos_emails",
  "fieldtype": "Table",
  "hidden": 0,
  "hide_border": 0,
  "hide_days": 0,
  "hide_seconds": 0,
  "ignore_user_permissions": 0,
  "ignore_xss_filter": 0,
  "in_global_search": 0,
  "in_list_view": 0,
  "in_preview": 0,
  "in_standard_filter": 0,
  "insert_after": "custom_column_break_vms68",
  "is_system_generated": 0,
  "is_virtual": 0,
  "label": "emails",
  "length": 0,
  "link_filters": null,
  "mandatory_depends_on": null,
  "modified": "2025-07-17 16:24:36.173525",
  "module": "ClienteSetup",
  "name": "Customer-custom_jos_emails",
  "no_copy": 0,
  "non_negative": 0,
  "options": "Contact Email",
  "permlevel": 0,
  "placeholder": null,
  "precision": "",
  "print_hide": 0,
  "print_hide_if_no_value": 0,
  "print_width": null,
  "read_only": 0,
  "read_only_depends_on": null,
  "report_hide": 0,
  "reqd": 0,
  "search_index": 0,
  "show_dashboard": 0,
  "sort_options": 0,
  "translatable": 0,
  "unique": 0,
  "width": null
 },
 {
  "allow_in_quick_entry": 0,
  "allow_on_submit": 0,
  "bold": 0,
  "collapsible": 0,
  "collapsible_depends_on": null,
  "columns": 0,
  "default": null,
  "depends_on": null,
  "description": null,
  "docstatus": 0,
  "doctype": "Custom Field",
  "dt": "Supplier",
  "fetch_from": null,
  "fetch_if_empty": 0,
  "fieldname": "custom_details",
  "fieldtype": "Tab Break",
  "hidden": 0,
  "hide_border": 0,
  "hide_days": 0,
  "hide_seconds": 0,
  "ignore_user_permissions": 0,
  "ignore_xss_filter": 0,
  "in_global_search": 0,
  "in_list_view": 0,
  "in_preview": 0,
  "in_standard_filter": 0,
  "insert_after": "custom_jos_telefonos",
  "is_system_generated": 0,
  "is_virtual": 0,
  "label": "Details",
  "length": 0,
  "link_filters": null,
  "mandatory_depends_on": null,
  "modified": "2025-07-20 18:43:51.941164",
  "module": "Compras",
  "name": "Supplier-custom_details",
  "no_copy": 0,
  "non_negative": 0,
  "options": null,
  "permlevel": 0,
  "placeholder": null,
  "precision": "",
  "print_hide": 0,
  "print_hide_if_no_value": 0,
  "print_width": null,
  "read_only": 0,
  "read_only_depends_on": null,
  "report_hide": 0,
  "reqd": 0,
  "search_index": 0,
  "show_dashboard": 0,
  "sort_options": 0,
  "translatable": 0,
  "unique": 0,
  "width": null
 },
 {
  "allow_in_quick_entry": 0,
  "allow_on_submit": 0,
  "bold": 0,
  "collapsible": 0,
  "collapsible_depends_on": null,
  "columns": 0,
  "default": null,
  "depends_on": null,
  "description": null,
  "docstatus": 0,
  "doctype": "Custom Field",
  "dt": "Company",
  "fetch_from": null,
  "fetch_if_empty": 0,
  "fieldname": "custom_jos_rimpe",
  "fieldtype": "Check",
  "hidden": 0,
  "hide_border": 0,
  "hide_days": 0,
  "hide_seconds": 0,
  "ignore_user_permissions": 0,
  "ignore_xss_filter": 0,
  "in_global_search": 0,
  "in_list_view": 0,
  "in_preview": 0,
  "in_standard_filter": 0,
  "insert_after": "custom_jos_contabilidad",
  "is_system_generated": 0,
  "is_virtual": 0,
  "label": "Es Rimpe",
  "length": 0,
  "link_filters": null,
  "mandatory_depends_on": null,
  "modified": "2025-07-19 00:21:46.819229",
  "module": "My_Data",
  "name": "Company-custom_jos_rimpe",
  "no_copy": 0,
  "non_negative": 0,
  "options": null,
  "permlevel": 0,
  "placeholder": null,
  "precision": "",
  "print_hide": 0,
  "print_hide_if_no_value": 0,
  "print_width": null,
  "read_only": 0,
  "read_only_depends_on": null,
  "report_hide": 0,
  "reqd": 0,
  "search_index": 0,
  "show_dashboard": 0,
  "sort_options": 0,
  "translatable": 0,
  "unique": 0,
  "width": null
 },
 {
  "allow_in_quick_entry": 0,
  "allow_on_submit": 0,
  "bold": 0,
  "collapsible": 0,
  "collapsible_depends_on": null,
  "columns": 0,
  "default": null,
  "depends_on": null,
  "description": null,
  "docstatus": 0,
  "doctype": "Custom Field",
  "dt": "Customer",
  "fetch_from": null,
  "fetch_if_empty": 0,
  "fieldname": "custom_jos_telefonos",
  "fieldtype": "Table",
  "hidden": 0,
  "hide_border": 0,
  "hide_days": 0,
  "hide_seconds": 0,
  "ignore_user_permissions": 0,
  "ignore_xss_filter": 0,
  "in_global_search": 0,
  "in_list_view": 0,
  "in_preview": 0,
  "in_standard_filter": 0,
  "insert_after": "custom_jos_emails",
  "is_system_generated": 0,
  "is_virtual": 0,
  "label": "Teléfonos",
  "length": 0,
  "link_filters": null,
  "mandatory_depends_on": null,
  "modified": "2025-07-17 16:24:36.100959",
  "module": "ClienteSetup",
  "name": "Customer-custom_jos_telefonos",
  "no_copy": 0,
  "non_negative": 0,
  "options": "Contact Phone",
  "permlevel": 0,
  "placeholder": null,
  "precision": "",
  "print_hide": 0,
  "print_hide_if_no_value": 0,
  "print_width": null,
  "read_only": 0,
  "read_only_depends_on": null,
  "report_hide": 0,
  "reqd": 0,
  "search_index": 0,
  "show_dashboard": 0,
  "sort_options": 0,
  "translatable": 0,
  "unique": 0,
  "width": null
 },
 {
  "allow_in_quick_entry": 0,
  "allow_on_submit": 0,
  "bold": 0,
  "collapsible": 0,
  "collapsible_depends_on": null,
  "columns": 0,
  "default": null,
  "depends_on": null,
  "description": null,
  "docstatus": 0,
  "doctype": "Custom Field",
  "dt": "Supplier",
  "fetch_from": null,
  "fetch_if_empty": 0,
  "fieldname": "custom_jos_column1",
  "fieldtype": "Section Break",
  "hidden": 0,
  "hide_border": 0,
  "hide_days": 0,
  "hide_seconds": 0,
  "ignore_user_permissions": 0,
  "ignore_xss_filter": 0,
  "in_global_search": 0,
  "in_list_view": 0,
  "in_preview": 0,
  "in_standard_filter": 0,
  "insert_after": "custom_details",
  "is_system_generated": 0,
  "is_virtual": 0,
  "label": "",
  "length": 0,
  "link_filters": null,
  "mandatory_depends_on": null,
  "modified": "2025-07-20 18:43:47.363630",
  "module": "Compras",
  "name": "Supplier-custom_jos_column1",
  "no_copy": 0,
  "non_negative": 0,
  "options": null,
  "permlevel": 0,
  "placeholder": null,
  "precision": "",
  "print_hide": 0,
  "print_hide_if_no_value": 0,
  "print_width": null,
  "read_only": 0,
  "read_only_depends_on": null,
  "report_hide": 0,
  "reqd": 0,
  "search_index": 0,
  "show_dashboard": 0,
  "sort_options": 0,
  "translatable": 0,
  "unique": 0,
  "width": null
 },
 {
  "allow_in_quick_entry": 0,
  "allow_on_submit": 0,
  "bold": 0,
  "collapsible": 0,
  "collapsible_depends_on": null,
  "columns": 0,
  "default": null,
  "depends_on": null,
  "description": null,
  "docstatus": 0,
  "doctype": "Custom Field",
  "dt": "Company",
  "fetch_from": null,
  "fetch_if_empty": 0,
  "fieldname": "custom_jos_agente_retencion_nro_resolucion",
  "fieldtype": "Data",
  "hidden": 0,
  "hide_border": 0,
  "hide_days": 0,
  "hide_seconds": 0,
  "ignore_user_permissions": 0,
  "ignore_xss_filter": 0,
  "in_global_search": 0,
  "in_list_view": 0,
  "in_preview": 0,
  "in_standard_filter": 0,
  "insert_after": "custom_jos_rimpe",
  "is_system_generated": 0,
  "is_virtual": 0,
  "label": "Agente de Retención Resolución Nro",
  "length": 70,
  "link_filters": null,
  "mandatory_depends_on": null,
  "modified": "2025-07-19 01:09:25.723124",
  "module": "My_Data",
  "name": "Company-custom_jos_agente_retencion_nro_resolucion",
  "no_copy": 0,
  "non_negative": 0,
  "options": null,
  "permlevel": 0,
  "placeholder": null,
  "precision": "",
  "print_hide": 0,
  "print_hide_if_no_value": 0,
  "print_width": null,
  "read_only": 0,
  "read_only_depends_on": null,
  "report_hide": 0,
  "reqd": 0,
  "search_index": 0,
  "show_dashboard": 0,
  "sort_options": 0,
  "translatable": 1,
  "unique": 0,
  "width": null
 },
 {
  "allow_in_quick_entry": 0,
  "allow_on_submit": 0,
  "bold": 0,
  "collapsible": 0,
  "collapsible_depends_on": null,
  "columns": 0,
  "default": null,
  "depends_on": null,
  "description": null,
  "docstatus": 0,
  "doctype": "Custom Field",
  "dt": "Customer",
  "fetch_from": null,
  "fetch_if_empty": 0,
  "fieldname": "custom_details",
  "fieldtype": "Tab Break",
  "hidden": 0,
  "hide_border": 0,
  "hide_days": 0,
  "hide_seconds": 0,
  "ignore_user_permissions": 0,
  "ignore_xss_filter": 0,
  "in_global_search": 0,
  "in_list_view": 0,
  "in_preview": 0,
  "in_standard_filter": 0,
  "insert_after": "custom_jos_telefonos",
  "is_system_generated": 0,
  "is_virtual": 0,
  "label": "Details",
  "length": 0,
  "link_filters": null,
  "mandatory_depends_on": null,
  "modified": "2025-07-17 16:24:36.318701",
  "module": "ClienteSetup",
  "name": "Customer-custom_details",
  "no_copy": 0,
  "non_negative": 0,
  "options": null,
  "permlevel": 0,
  "placeholder": null,
  "precision": "",
  "print_hide": 0,
  "print_hide_if_no_value": 0,
  "print_width": null,
  "read_only": 0,
  "read_only_depends_on": null,
  "report_hide": 0,
  "reqd": 0,
  "search_index": 0,
  "show_dashboard": 0,
  "sort_options": 0,
  "translatable": 0,
  "unique": 0,
  "width": null
 },
 {
  "allow_in_quick_entry": 0,
  "allow_on_submit": 0,
  "bold": 0,
  "collapsible": 0,
  "collapsible_depends_on": null,
  "columns": 0,
  "default": null,
  "depends_on": null,
  "description": null,
  "docstatus": 0,
  "doctype": "Custom Field",
  "dt": "Company",
  "fetch_from": null,
  "fetch_if_empty": 0,
  "fieldname": "custom_section_break_69sx4",
  "fieldtype": "Section Break",
  "hidden": 0,
  "hide_border": 0,
  "hide_days": 0,
  "hide_seconds": 0,
  "ignore_user_permissions": 0,
  "ignore_xss_filter": 0,
  "in_global_search": 0,
  "in_list_view": 0,
  "in_preview": 0,
  "in_standard_filter": 0,
  "insert_after": "custom_jos_agente_retencion_nro_resolucion",
  "is_system_generated": 0,
  "is_virtual": 0,
  "label": "",
  "length": 0,
  "link_filters": null,
  "mandatory_depends_on": null,
  "modified": "2025-08-17 22:42:10.261991",
  "module": "sri_invoicing",
  "name": "Company-custom_section_break_69sx4",
  "no_copy": 0,
  "non_negative": 0,
  "options": null,
  "permlevel": 0,
  "placeholder": null,
  "precision": "",
  "print_hide": 0,
  "print_hide_if_no_value": 0,
  "print_width": null,
  "read_only": 0,
  "read_only_depends_on": null,
  "report_hide": 0,
  "reqd": 0,
  "search_index": 0,
  "show_dashboard": 0,
  "sort_options": 0,
  "translatable": 0,
  "unique": 0,
  "width": null
 },
 {
  "allow_in_quick_entry": 0,
  "allow_on_submit": 0,
  "bold": 0,
  "collapsible": 0,
  "collapsible_depends_on": null,
  "columns": 0,
  "default": null,
  "depends_on": null,
  "description": null,
  "docstatus": 0,
  "doctype": "Custom Field",
  "dt": "Company",
  "fetch_from": null,
  "fetch_if_empty": 0,
  "fieldname": "custom_sri_mapa_secuencial",
  "fieldtype": "Table",
  "hidden": 0,
  "hide_border": 0,
  "hide_days": 0,
  "hide_seconds": 0,
  "ignore_user_permissions": 0,
  "ignore_xss_filter": 0,
  "in_global_search": 0,
  "in_list_view": 0,
  "in_preview": 0,
  "in_standard_filter": 0,
  "insert_after": "custom_section_break_69sx4",
  "is_system_generated": 0,
  "is_virtual": 0,
  "label": "SRI_Mapa_Secuencial",
  "length": 0,
  "link_filters": null,
  "mandatory_depends_on": null,
  "modified": "2025-08-17 22:44:11.093748",
  "module": "sri_invoicing",
  "name": "Company-custom_sri_mapa_secuencial",
  "no_copy": 0,
  "non_negative": 0,
  "options": "SRI Puntos Emision",
  "permlevel": 0,
  "placeholder": null,
  "precision": "",
  "print_hide": 0,
  "print_hide_if_no_value": 0,
  "print_width": null,
  "read_only": 0,
  "read_only_depends_on": null,
  "report_hide": 0,
  "reqd": 0,
  "search_index": 0,
  "show_dashboard": 0,
  "sort_options": 0,
  "translatable": 0,
  "unique": 0,
  "width": null
 },
 {
  "allow_in_quick_entry": 0,
  "allow_on_submit": 0,
  "bold": 0,
  "collapsible": 0,
  "collapsible_depends_on": null,
  "columns": 0,
  "default": null,
  "depends_on": null,
  "description": null,
  "docstatus": 0,
  "doctype": "Custom Field",
  "dt": "Sales Invoice",
  "fetch_from": null,
  "fetch_if_empty": 0,
  "fieldname": "custom_sri_serie",
  "fieldtype": "Data",
  "hidden": 0,
  "hide_border": 0,
  "hide_days": 0,
  "hide_seconds": 0,
  "ignore_user_permissions": 0,
  "ignore_xss_filter": 0,
  "in_global_search": 0,
  "in_list_view": 0,
  "in_preview": 0,
  "in_standard_filter": 0,
  "insert_after": "column_break1",
  "is_system_generated": 0,
  "is_virtual": 0,
  "label": "Nro. Factura",
  "length": 0,
  "link_filters": null,
  "mandatory_depends_on": null,
  "modified": "2025-08-20 07:47:22.898670",
  "module": "sri_invoicing",
  "name": "Sales Invoice-custom_sri_serie",
  "no_copy": 0,
  "non_negative": 0,
  "options": null,
  "permlevel": 0,
  "placeholder": null,
  "precision": "",
  "print_hide": 0,
  "print_hide_if_no_value": 0,
  "print_width": null,
  "read_only": 1,
  "read_only_depends_on": null,
  "report_hide": 0,
  "reqd": 0,
  "search_index": 0,
  "show_dashboard": 0,
  "sort_options": 0,
  "translatable": 1,
  "unique": 0,
  "width": null
 },
 {
  "allow_in_quick_entry": 0,
  "allow_on_submit": 0,
  "bold": 0,
  "collapsible": 0,
  "collapsible_depends_on": null,
  "columns": 0,
  "default": null,
  "depends_on": null,
  "description": null,
  "docstatus": 0,
  "doctype": "Custom Field",
  "dt": "Company",
  "fetch_from": null,
  "fetch_if_empty": 0,
  "fieldname": "custom_jos_sucursales",
  "fieldtype": "Section Break",
  "hidden": 0,
  "hide_border": 0,
  "hide_days": 0,
  "hide_seconds": 0,
  "ignore_user_permissions": 0,
  "ignore_xss_filter": 0,
  "in_global_search": 0,
  "in_list_view": 0,
  "in_preview": 0,
  "in_standard_filter": 0,
  "insert_after": "custom_sri_mapa_secuencial",
  "is_system_generated": 0,
  "is_virtual": 0,
  "label": "Sucursales",
  "length": 0,
  "link_filters": null,
  "mandatory_depends_on": null,
  "modified": "2025-07-19 00:20:47.430784",
  "module": "My_Data",
  "name": "Company-custom_jos_sucursales",
  "no_copy": 0,
  "non_negative": 0,
  "options": null,
  "permlevel": 0,
  "placeholder": null,
  "precision": "",
  "print_hide": 0,
  "print_hide_if_no_value": 0,
  "print_width": null,
  "read_only": 0,
  "read_only_depends_on": null,
  "report_hide": 0,
  "reqd": 0,
  "search_index": 0,
  "show_dashboard": 0,
  "sort_options": 0,
  "translatable": 0,
  "unique": 0,
  "width": null
 },
 {
  "allow_in_quick_entry": 0,
  "allow_on_submit": 0,
  "bold": 0,
  "collapsible": 0,
  "collapsible_depends_on": null,
  "columns": 0,
  "default": null,
  "depends_on": null,
  "description": null,
  "docstatus": 0,
  "doctype": "Custom Field",
  "dt": "Company",
  "fetch_from": null,
  "fetch_if_empty": 0,
  "fieldname": "custom_jos_tabla_estab",
  "fieldtype": "Table",
  "hidden": 0,
  "hide_border": 0,
  "hide_days": 0,
  "hide_seconds": 0,
  "ignore_user_permissions": 0,
  "ignore_xss_filter": 0,
  "in_global_search": 0,
  "in_list_view": 0,
  "in_preview": 0,
  "in_standard_filter": 0,
  "insert_after": "custom_jos_sucursales",
  "is_system_generated": 0,
  "is_virtual": 0,
  "label": "Sucursales",
  "length": 0,
  "link_filters": null,
  "mandatory_depends_on": null,
  "modified": "2025-07-17 23:21:00.305856",
  "module": "My_Data",
  "name": "Company-custom_jos_tabla_estab",
  "no_copy": 0,
  "non_negative": 0,
  "options": "Jos_Establecimientos",
  "permlevel": 0,
  "placeholder": null,
  "precision": "",
  "print_hide": 0,
  "print_hide_if_no_value": 0,
  "print_width": null,
  "read_only": 0,
  "read_only_depends_on": null,
  "report_hide": 0,
  "reqd": 0,
  "search_index": 0,
  "show_dashboard": 0,
  "sort_options": 0,
  "translatable": 0,
  "unique": 0,
  "width": null
 },
 {
  "allow_in_quick_entry": 0,
  "allow_on_submit": 0,
  "bold": 0,
  "collapsible": 0,
  "collapsible_depends_on": null,
  "columns": 0,
  "default": null,
  "depends_on": null,
  "description": null,
  "docstatus": 0,
  "doctype": "Custom Field",
  "dt": "Company",
  "fetch_from": null,
  "fetch_if_empty": 0,
  "fieldname": "custom_firma_electrónica",
  "fieldtype": "Tab Break",
  "hidden": 0,
  "hide_border": 0,
  "hide_days": 0,
  "hide_seconds": 0,
  "ignore_user_permissions": 0,
  "ignore_xss_filter": 0,
  "in_global_search": 0,
  "in_list_view": 0,
  "in_preview": 0,
  "in_standard_filter": 0,
  "insert_after": "custom_jos_tabla_estab",
  "is_system_generated": 0,
  "is_virtual": 0,
  "label": "Firma Electrónica",
  "length": 0,
  "link_filters": null,
  "mandatory_depends_on": null,
  "modified": "2025-07-19 19:04:03.351893",
  "module": "My_Data",
  "name": "Company-custom_firma_electrónica",
  "no_copy": 0,
  "non_negative": 0,
  "options": null,
  "permlevel": 0,
  "placeholder": null,
  "precision": "",
  "print_hide": 0,
  "print_hide_if_no_value": 0,
  "print_width": null,
  "read_only": 0,
  "read_only_depends_on": null,
  "report_hide": 0,
  "reqd": 0,
  "search_index": 0,
  "show_dashboard": 0,
  "sort_options": 0,
  "translatable": 0,
  "unique": 0,
  "width": null
 },
 {
  "allow_in_quick_entry": 0,
  "allow_on_submit": 0,
  "bold": 0,
  "collapsible": 0,
  "collapsible_depends_on": null,
  "columns": 0,
  "default": null,
  "depends_on": "eval:doc.custom_sri_is_establishment==1",
  "description": null,
  "docstatus": 0,
  "doctype": "Custom Field",
  "dt": "Warehouse",
  "fetch_from": null,
  "fetch_if_empty": 0,
  "fieldname": "custom_section_break_04hqx",
  "fieldtype": "Section Break",
  "hidden": 0,
  "hide_border": 0,
  "hide_days": 0,
  "hide_seconds": 0,
  "ignore_user_permissions": 0,
  "ignore_xss_filter": 0,
  "in_global_search": 0,
  "in_list_view": 0,
  "in_preview": 0,
  "in_standard_filter": 0,
  "insert_after": "contact_html",
  "is_system_generated": 0,
  "is_virtual": 0,
  "label": "Secuencial SRI",
  "length": 0,
  "link_filters": null,
  "mandatory_depends_on": null,
  "modified": "2025-08-17 22:43:39.743603",
  "module": "sri_invoicing",
  "name": "Warehouse-custom_section_break_04hqx",
  "no_copy": 0,
  "non_negative": 0,
  "options": null,
  "permlevel": 0,
  "placeholder": null,
  "precision": "",
  "print_hide": 0,
  "print_hide_if_no_value": 0,
  "print_width": null,
  "read_only": 0,
  "read_only_depends_on": null,
  "report_hide": 0,
  "reqd": 0,
  "search_index": 0,
  "show_dashboard": 0,
  "sort_options": 0,
  "translatable": 0,
  "unique": 0,
  "width": null
 },
 {
  "allow_in_quick_entry": 0,
  "allow_on_submit": 0,
  "bold": 0,
  "collapsible": 0,
  "collapsible_depends_on": null,
  "columns": 0,
  "default": null,
  "depends_on": null,
  "description": null,
  "docstatus": 0,
  "doctype": "Custom Field",
  "dt": "Company",
  "fetch_from": null,
  "fetch_if_empty": 0,
  "fieldname": "custom_jos_nombre_certificado",
  "fieldtype": "Data",
  "hidden": 0,
  "hide_border": 0,
  "hide_days": 0,
  "hide_seconds": 0,
  "ignore_user_permissions": 0,
  "ignore_xss_filter": 0,
  "in_global_search": 0,
  "in_list_view": 0,
  "in_preview": 0,
  "in_standard_filter": 0,
  "insert_after": "custom_firma_electrónica",
  "is_system_generated": 0,
  "is_virtual": 0,
  "label": "Nombre del Certificado",
  "length": 0,
  "link_filters": null,
  "mandatory_depends_on": null,
  "modified": "2025-07-19 19:04:20.249716",
  "module": "My_Data",
  "name": "Company-custom_jos_nombre_certificado",
  "no_copy": 0,
  "non_negative": 0,
  "options": null,
  "permlevel": 0,
  "placeholder": null,
  "precision": "",
  "print_hide": 0,
  "print_hide_if_no_value": 0,
  "print_width": null,
  "read_only": 0,
  "read_only_depends_on": null,
  "report_hide": 0,
  "reqd": 0,
  "search_index": 0,
  "show_dashboard": 0,
  "sort_options": 0,
  "translatable": 1,
  "unique": 0,
  "width": null
 },
 {
  "allow_in_quick_entry": 0,
  "allow_on_submit": 0,
  "bold": 0,
  "collapsible": 0,
  "collapsible_depends_on": null,
  "columns": 0,
  "default": null,
  "depends_on": null,
  "description": null,
  "docstatus": 0,
  "doctype": "Custom Field",
  "dt": "Warehouse",
  "fetch_from": null,
  "fetch_if_empty": 0,
  "fieldname": "custom_establishment_code",
  "fieldtype": "Data",
  "hidden": 0,
  "hide_border": 0,
  "hide_days": 0,
  "hide_seconds": 0,
  "ignore_user_permissions": 0,
  "ignore_xss_filter": 0,
  "in_global_search": 0,
  "in_list_view": 0,
  "in_preview": 0,
  "in_standard_filter": 0,
  "insert_after": "custom_section_break_04hqx",
  "is_system_generated": 0,
  "is_virtual": 0,
  "label": "Código Estrablecimiento",
  "length": 0,
  "link_filters": null,
  "mandatory_depends_on": null,
  "modified": "2025-08-17 22:43:20.946911",
  "module": "sri_invoicing",
  "name": "Warehouse-custom_establishment_code",
  "no_copy": 0,
  "non_negative": 0,
  "options": null,
  "permlevel": 0,
  "placeholder": null,
  "precision": "",
  "print_hide": 0,
  "print_hide_if_no_value": 0,
  "print_width": null,
  "read_only": 0,
  "read_only_depends_on": null,
  "report_hide": 0,
  "reqd": 0,
  "search_index": 0,
  "show_dashboard": 0,
  "sort_options": 0,
  "translatable": 1,
  "unique": 0,
  "width": null
 },
 {
  "allow_in_quick_entry": 0,
  "allow_on_submit": 0,
  "bold": 0,
  "collapsible": 0,
  "collapsible_depends_on": null,
  "columns": 0,
  "default": null,
  "depends_on": null,
  "description": null,
  "docstatus": 0,
  "doctype": "Custom Field",
  "dt": "Company",
  "fetch_from": null,
  "fetch_if_empty": 0,
  "fieldname": "custom_jos_firma_electronica",
  "fieldtype": "Attach",
  "hidden": 0,
  "hide_border": 0,
  "hide_days": 0,
  "hide_seconds": 0,
  "ignore_user_permissions": 0,
  "ignore_xss_filter": 0,
  "in_global_search": 0,
  "in_list_view": 0,
  "in_preview": 0,
  "in_standard_filter": 0,
  "insert_after": "custom_jos_nombre_certificado",
  "is_system_generated": 0,
  "is_virtual": 0,
  "label": "Firma Electronica",
  "length": 0,
  "link_filters": null,
  "mandatory_depends_on": null,
  "modified": "2025-07-19 19:04:12.877071",
  "module": "My_Data",
  "name": "Company-custom_jos_firma_electronica",
  "no_copy": 0,
  "non_negative": 0,
  "options": null,
  "permlevel": 0,
  "placeholder": null,
  "precision": "",
  "print_hide": 0,
  "print_hide_if_no_value": 0,
  "print_width": null,
  "read_only": 0,
  "read_only_depends_on": null,
  "report_hide": 0,
  "reqd": 0,
  "search_index": 0,
  "show_dashboard": 0,
  "sort_options": 0,
  "translatable": 0,
  "unique": 0,
  "width": null
 },
 {
  "allow_in_quick_entry": 0,
  "allow_on_submit": 0,
  "bold": 0,
  "collapsible": 0,
  "collapsible_depends_on": null,
  "columns": 0,
  "default": null,
  "depends_on": null,
  "description": null,
  "docstatus": 0,
  "doctype": "Custom Field",
  "dt": "Warehouse",
  "fetch_from": null,
  "fetch_if_empty": 0,
  "fieldname": "custom_sri_puntos_emision",
  "fieldtype": "Table",
  "hidden": 0,
  "hide_border": 0,
  "hide_days": 0,
  "hide_seconds": 0,
  "ignore_user_permissions": 0,
  "ignore_xss_filter": 0,
  "in_global_search": 0,
  "in_list_view": 0,
  "in_preview": 0,
  "in_standard_filter": 0,
  "insert_after": "custom_establishment_code",
  "is_system_generated": 0,
  "is_virtual": 0,
  "label": "SRI Puntos Emision",
  "length": 0,
  "link_filters": null,
  "mandatory_depends_on": null,
  "modified": "2025-08-17 22:43:08.041509",
  "module": "sri_invoicing",
  "name": "Warehouse-custom_sri_puntos_emision",
  "no_copy": 0,
  "non_negative": 0,
  "options": "SRI Puntos Emision",
  "permlevel": 0,
  "placeholder": null,
  "precision": "",
  "print_hide": 0,
  "print_hide_if_no_value": 0,
  "print_width": null,
  "read_only": 0,
  "read_only_depends_on": null,
  "report_hide": 0,
  "reqd": 0,
  "search_index": 0,
  "show_dashboard": 0,
  "sort_options": 0,
  "translatable": 0,
  "unique": 0,
  "width": null
 },
 {
  "allow_in_quick_entry": 0,
  "allow_on_submit": 0,
  "bold": 0,
  "collapsible": 0,
  "collapsible_depends_on": null,
  "columns": 0,
  "default": null,
  "depends_on": null,
  "description": null,
  "docstatus": 0,
  "doctype": "Custom Field",
  "dt": "Company",
  "fetch_from": null,
  "fetch_if_empty": 0,
  "fieldname": "custom_jos_fecha_expiracion",
  "fieldtype": "Data",
  "hidden": 0,
  "hide_border": 0,
  "hide_days": 0,
  "hide_seconds": 0,
  "ignore_user_permissions": 0,
  "ignore_xss_filter": 0,
  "in_global_search": 0,
  "in_list_view": 0,
  "in_preview": 0,
  "in_standard_filter": 0,
  "insert_after": "custom_jos_firma_electronica",
  "is_system_generated": 0,
  "is_virtual": 0,
  "label": "Fecha de Expiración",
  "length": 0,
  "link_filters": null,
  "mandatory_depends_on": null,
  "modified": "2025-07-19 19:03:53.946103",
  "module": "My_Data",
  "name": "Company-custom_jos_fecha_expiracion",
  "no_copy": 0,
  "non_negative": 0,
  "options": null,
  "permlevel": 0,
  "placeholder": null,
  "precision": "",
  "print_hide": 0,
  "print_hide_if_no_value": 0,
  "print_width": null,
  "read_only": 0,
  "read_only_depends_on": null,
  "report_hide": 0,
  "reqd": 0,
  "search_index": 0,
  "show_dashboard": 0,
  "sort_options": 0,
  "translatable": 1,
  "unique": 0,
  "width": null
 },
 {
  "allow_in_quick_entry": 0,
  "allow_on_submit": 0,
  "bold": 0,
  "collapsible": 0,
  "collapsible_depends_on": null,
  "columns": 0,
  "default": null,
  "depends_on": null,
  "description": null,
  "docstatus": 0,
  "doctype": "Custom Field",
  "dt": "Company",
  "fetch_from": null,
  "fetch_if_empty": 0,
  "fieldname": "custom_jos_ruc_certificado",
  "fieldtype": "Data",
  "hidden": 0,
  "hide_border": 0,
  "hide_days": 0,
  "hide_seconds": 0,
  "ignore_user_permissions": 0,
  "ignore_xss_filter": 0,
  "in_global_search": 0,
  "in_list_view": 0,
  "in_preview": 0,
  "in_standard_filter": 0,
  "insert_after": "custom_jos_fecha_expiracion",
  "is_system_generated": 0,
  "is_virtual": 0,
  "label": "RUC del Certificado",
  "length": 0,
  "link_filters": null,
  "mandatory_depends_on": null,
  "modified": "2025-07-19 19:03:47.341403",
  "module": "My_Data",
  "name": "Company-custom_jos_ruc_certificado",
  "no_copy": 0,
  "non_negative": 0,
  "options": null,
  "permlevel": 0,
  "placeholder": null,
  "precision": "",
  "print_hide": 0,
  "print_hide_if_no_value": 0,
  "print_width": null,
  "read_only": 0,
  "read_only_depends_on": null,
  "report_hide": 0,
  "reqd": 0,
  "search_index": 0,
  "show_dashboard": 0,
  "sort_options": 0,
  "translatable": 1,
  "unique": 0,
  "width": null
 },
 {
  "allow_in_quick_entry": 0,
  "allow_on_submit": 0,
  "bold": 0,
  "collapsible": 0,
  "collapsible_depends_on": null,
  "columns": 0,
  "default": null,
  "depends_on": null,
  "description": null,
  "docstatus": 0,
  "doctype": "Custom Field",
  "dt": "Company",
  "fetch_from": null,
  "fetch_if_empty": 0,
  "fieldname": "custom_details",
  "fieldtype": "Tab Break",
  "hidden": 0,
  "hide_border": 0,
  "hide_days": 0,
  "hide_seconds": 0,
  "ignore_user_permissions": 0,
  "ignore_xss_filter": 0,
  "in_global_search": 0,
  "in_list_view": 0,
  "in_preview": 0,
  "in_standard_filter": 0,
  "insert_after": "custom_jos_ruc_certificado",
  "is_system_generated": 0,
  "is_virtual": 0,
  "label": "Details",
  "length": 0,
  "link_filters": null,
  "mandatory_depends_on": null,
  "modified": "2025-07-17 23:21:19.576992",
  "module": "My_Data",
  "name": "Company-custom_details",
  "no_copy": 0,
  "non_negative": 0,
  "options": null,
  "permlevel": 0,
  "placeholder": null,
  "precision": "",
  "print_hide": 0,
  "print_hide_if_no_value": 0,
  "print_width": null,
  "read_only": 0,
  "read_only_depends_on": null,
  "report_hide": 0,
  "reqd": 0,
  "search_index": 0,
  "show_dashboard": 0,
  "sort_options": 0,
  "translatable": 0,
  "unique": 0,
  "width": null
 },
 {
  "allow_in_quick_entry": 0,
  "allow_on_submit": 0,
  "bold": 0,
  "collapsible": 0,
  "collapsible_depends_on": null,
  "columns": 0,
  "default": "01",
  "depends_on": null,
  "description": null,
  "docstatus": 0,
  "doctype": "Custom Field",
  "dt": "Sales Invoice",
  "fetch_from": null,
  "fetch_if_empty": 0,
  "fieldname": "custom_jos_forma_pago",
  "fieldtype": "Select",
  "hidden": 0,
  "hide_border": 0,
  "hide_days": 0,
  "hide_seconds": 0,
  "ignore_user_permissions": 0,
  "ignore_xss_filter": 0,
  "in_global_search": 0,
  "in_list_view": 0,
  "in_preview": 0,
  "in_standard_filter": 0,
  "insert_after": "section_break_42",
  "is_system_generated": 0,
  "is_virtual": 0,
  "label": "Forma de Pago SRI",
  "length": 0,
  "link_filters": null,
  "mandatory_depends_on": null,
  "modified": "2025-09-09 15:01:22.580400",
  "module": "sri_invoicing",
  "name": "Sales Invoice-custom_jos_forma_pago",
  "no_copy": 0,
  "non_negative": 0,
  "options": "01\n20\n16\n19\n",
  "permlevel": 0,
  "placeholder": null,
  "precision": "",
  "print_hide": 0,
  "print_hide_if_no_value": 0,
  "print_width": null,
  "read_only": 0,
  "read_only_depends_on": null,
  "report_hide": 0,
  "reqd": 1,
  "search_index": 0,
  "show_dashboard": 0,
  "sort_options": 0,
  "translatable": 1,
  "unique": 0,
  "width": null
 }
]