[
 {
  "default_value": null,
  "doc_type": "Sales Invoice",
  "docstatus": 0,
  "doctype": "Property Setter",
  "doctype_or_field": "DocType",
  "field_name": null,
  "is_system_generated": 0,
  "modified": "2025-08-20 07:49:06.875410",
  "module": "sri_invoicing",
  "name": "Sales Invoice-main-field_order",
  "property": "field_order",
  "property_type": "Data",
  "row_name": null,
  "value": "[\"customer_section\", \"title\", \"naming_series\", \"customer\", \"custom_jos_level3_warehouse\", \"custom_jos_sri_emission_point_code\", \"customer_name\", \"tax_id\", \"company\", \"company_tax_id\", \"custom_ssss\", \"column_break1\", \"custom_sri_serie\", \"posting_date\", \"posting_time\", \"set_posting_time\", \"due_date\", \"column_break_14\", \"is_pos\", \"pos_profile\", \"is_consolidated\", \"is_return\", \"return_against\", \"update_outstanding_for_self\", \"update_billed_amount_in_sales_order\", \"update_billed_amount_in_delivery_note\", \"is_debit_note\", \"amended_from\", \"accounting_dimensions_section\", \"cost_center\", \"dimension_col_break\", \"project\", \"currency_and_price_list\", \"currency\", \"conversion_rate\", \"column_break2\", \"selling_price_list\", \"price_list_currency\", \"plc_conversion_rate\", \"ignore_pricing_rule\", \"items_section\", \"scan_barcode\", \"update_stock\", \"column_break_39\", \"set_warehouse\", \"sri_emission_point\", \"set_target_warehouse\", \"section_break_42\", \"items\", \"section_break_30\", \"total_qty\", \"total_net_weight\", \"column_break_32\", \"base_total\", \"base_net_total\", \"column_break_52\", \"total\", \"net_total\", \"taxes_section\", \"exempt_from_sales_tax\", \"tax_category\", \"taxes_and_charges\", \"column_break_38\", \"shipping_rule\", \"column_break_55\", \"incoterm\", \"named_place\", \"section_break_40\", \"taxes\", \"section_break_43\", \"base_total_taxes_and_charges\", \"column_break_47\", \"total_taxes_and_charges\", \"totals\", \"base_grand_total\", \"base_rounding_adjustment\", \"base_rounded_total\", \"base_in_words\", \"column_break5\", \"grand_total\", \"rounding_adjustment\", \"use_company_roundoff_cost_center\", \"rounded_total\", \"in_words\", \"total_advance\", \"outstanding_amount\", \"disable_rounded_total\", \"section_break_49\", \"apply_discount_on\", \"base_discount_amount\", \"is_cash_or_non_trade_discount\", \"additional_discount_account\", \"column_break_51\", \"additional_discount_percentage\", \"discount_amount\", \"sec_tax_breakup\", \"other_charges_calculation\", \"pricing_rule_details\", \"pricing_rules\", \"packing_list\", \"packed_items\", \"product_bundle_help\", \"time_sheet_list\", \"timesheets\", \"section_break_104\", \"total_billing_hours\", \"column_break_106\", \"total_billing_amount\", \"payments_tab\", \"payments_section\", \"cash_bank_account\", \"payments\", \"section_break_84\", \"base_paid_amount\", \"column_break_86\", \"paid_amount\", \"section_break_88\", \"base_change_amount\", \"column_break_90\", \"change_amount\", \"account_for_change_amount\", \"advances_section\", \"allocate_advances_automatically\", \"only_include_allocated_payments\", \"get_advances\", \"advances\", \"write_off_section\", \"write_off_amount\", \"base_write_off_amount\", \"write_off_outstanding_amount_automatically\", \"column_break_74\", \"write_off_account\", \"write_off_cost_center\", \"loyalty_points_redemption\", \"redeem_loyalty_points\", \"loyalty_points\", \"loyalty_amount\", \"column_break_77\", \"loyalty_program\", \"loyalty_redemption_account\", \"loyalty_redemption_cost_center\", \"contact_and_address_tab\", \"address_and_contact\", \"customer_address\", \"address_display\", \"col_break4\", \"contact_person\", \"contact_display\", \"contact_mobile\", \"contact_email\", \"territory\", \"shipping_address_section\", \"shipping_address_name\", \"shipping_address\", \"shipping_addr_col_break\", \"dispatch_address_name\", \"dispatch_address\", \"company_address_section\", \"company_address\", \"company_address_display\", \"company_addr_col_break\", \"company_contact_person\", \"terms_tab\", \"payment_schedule_section\", \"ignore_default_payment_terms_template\", \"payment_terms_template\", \"payment_schedule\", \"terms_section_break\", \"tc_name\", \"terms\", \"more_info_tab\", \"customer_po_details\", \"po_no\", \"column_break_23\", \"po_date\", \"more_info\", \"debit_to\", \"party_account_currency\", \"is_opening\", \"column_break8\", \"unrealized_profit_loss_account\", \"against_income_account\", \"sales_team_section_break\", \"sales_partner\", \"amount_eligible_for_commission\", \"column_break10\", \"commission_rate\", \"total_commission\", \"section_break2\", \"sales_team\", \"edit_printing_settings\", \"letter_head\", \"group_same_items\", \"column_break_84\", \"select_print_heading\", \"language\", \"subscription_section\", \"subscription\", \"from_date\", \"auto_repeat\", \"column_break_140\", \"to_date\", \"update_auto_repeat_reference\", \"more_information\", \"status\", \"inter_company_invoice_reference\", \"campaign\", \"represents_company\", \"source\", \"customer_group\", \"col_break23\", \"is_internal_customer\", \"is_discounted\", \"remarks\", \"connections_tab\"]"
 },
 {
  "default_value": null,
  "doc_type": "Custom Field",
  "docstatus": 0,
  "doctype": "Property Setter",
  "doctype_or_field": "DocField",
  "field_name": "dt",
  "is_system_generated": 1,
  "modified": "2025-08-17 22:55:33.509666",
  "module": "ClienteSetup",
  "name": "Custom Field-dt-in_list_view",
  "property": "in_list_view",
  "property_type": "Check",
  "row_name": null,
  "value": "1"
 },
 {
  "default_value": null,
  "doc_type": "Sales Invoice",
  "docstatus": 0,
  "doctype": "Property Setter",
  "doctype_or_field": "DocField",
  "field_name": "naming_series",
  "is_system_generated": 0,
  "modified": "2025-08-17 22:56:32.077652",
  "module": "sri_invoicing",
  "name": "Sales Invoice-naming_series-options",
  "property": "options",
  "property_type": "Text",
  "row_name": null,
  "value": "001-001-.#########\n002-001-.#########\n003-001-.#########"
 },
 {
  "default_value": null,
  "doc_type": "Sales Invoice",
  "docstatus": 0,
  "doctype": "Property Setter",
  "doctype_or_field": "DocField",
  "field_name": "naming_series",
  "is_system_generated": 0,
  "modified": "2025-08-17 22:56:45.305315",
  "module": "sri_invoicing",
  "name": "Sales Invoice-naming_series-default",
  "property": "default",
  "property_type": "Text",
  "row_name": null,
  "value": "001-001-.#########"
 },
 {
  "default_value": null,
  "doc_type": "Supplier",
  "docstatus": 0,
  "doctype": "Property Setter",
  "doctype_or_field": "DocType",
  "field_name": null,
  "is_system_generated": 0,
  "modified": "2025-08-17 22:54:54.300596",
  "module": "Compras",
  "name": "Supplier-main-quick_entry",
  "property": "quick_entry",
  "property_type": "Check",
  "row_name": null,
  "value": "0"
 },
 {
  "default_value": null,
  "doc_type": "Supplier",
  "docstatus": 0,
  "doctype": "Property Setter",
  "doctype_or_field": "DocField",
  "field_name": "supplier_name",
  "is_system_generated": 1,
  "modified": "2025-08-17 22:54:43.149483",
  "module": "Compras",
  "name": "Supplier-supplier_name-in_list_view",
  "property": "in_list_view",
  "property_type": "Check",
  "row_name": null,
  "value": "1"
 },
 {
  "default_value": null,
  "doc_type": "Supplier",
  "docstatus": 0,
  "doctype": "Property Setter",
  "doctype_or_field": "DocField",
  "field_name": "supplier_group",
  "is_system_generated": 1,
  "modified": "2025-08-17 22:54:36.573758",
  "module": "Compras",
  "name": "Supplier-supplier_group-in_list_view",
  "property": "in_list_view",
  "property_type": "Check",
  "row_name": null,
  "value": "1"
 },
 {
  "default_value": null,
  "doc_type": "Supplier",
  "docstatus": 0,
  "doctype": "Property Setter",
  "doctype_or_field": "DocField",
  "field_name": "tax_id",
  "is_system_generated": 1,
  "modified": "2025-08-17 22:54:32.504732",
  "module": "Compras",
  "name": "Supplier-tax_id-in_list_view",
  "property": "in_list_view",
  "property_type": "Check",
  "row_name": null,
  "value": "1"
 },
 {
  "default_value": null,
  "doc_type": "Supplier",
  "docstatus": 0,
  "doctype": "Property Setter",
  "doctype_or_field": "DocType",
  "field_name": null,
  "is_system_generated": 0,
  "modified": "2025-08-17 22:54:28.478365",
  "module": "Compras",
  "name": "Supplier-main-field_order",
  "property": "field_order",
  "property_type": "Data",
  "row_name": null,
  "value": "[\"custom_entrada_r\\u00e1pida\", \"custom_jos_ruc_supplier\", \"custom_jos_nombre_proveedor\", \"custom_jos_direccion\", \"custom_jos_city2\", \"custom_jos_country\", \"custom_column_break_fzysk\", \"custom_jos_emails\", \"custom_jos_telefonos\", \"custom_details\", \"custom_jos_column1\", \"naming_series\", \"supplier_name\", \"country\", \"column_break0\", \"supplier_group\", \"supplier_type\", \"is_transporter\", \"image\", \"defaults_section\", \"default_currency\", \"default_bank_account\", \"column_break_10\", \"default_price_list\", \"internal_supplier_section\", \"is_internal_supplier\", \"represents_company\", \"column_break_16\", \"companies\", \"column_break2\", \"supplier_details\", \"column_break_30\", \"website\", \"language\", \"dashboard_tab\", \"tax_tab\", \"tax_id\", \"irs_1099\", \"column_break_27\", \"tax_category\", \"tax_withholding_category\", \"contact_and_address_tab\", \"address_contacts\", \"address_html\", \"column_break1\", \"contact_html\", \"primary_address_and_contact_detail_section\", \"column_break_44\", \"supplier_primary_address\", \"primary_address\", \"column_break_mglr\", \"supplier_primary_contact\", \"mobile_no\", \"email_id\", \"accounting_tab\", \"payment_terms\", \"default_accounts_section\", \"accounts\", \"settings_tab\", \"allow_purchase_invoice_creation_without_purchase_order\", \"allow_purchase_invoice_creation_without_purchase_receipt\", \"column_break_54\", \"is_frozen\", \"disabled\", \"warn_rfqs\", \"warn_pos\", \"prevent_rfqs\", \"prevent_pos\", \"block_supplier_section\", \"on_hold\", \"hold_type\", \"column_break_59\", \"release_date\", \"portal_users_tab\", \"portal_users\", \"column_break_1mqv\"]"
 },
 {
  "default_value": null,
  "doc_type": "Contact Phone",
  "docstatus": 0,
  "doctype": "Property Setter",
  "doctype_or_field": "DocField",
  "field_name": "phone",
  "is_system_generated": 0,
  "modified": "2025-08-17 22:54:21.015963",
  "module": "My_Data",
  "name": "Contact Phone-phone-width",
  "property": "width",
  "property_type": "Data",
  "row_name": null,
  "value": ""
 },
 {
  "default_value": null,
  "doc_type": "Contact Phone",
  "docstatus": 0,
  "doctype": "Property Setter",
  "doctype_or_field": "DocField",
  "field_name": "jos_phone_ext",
  "is_system_generated": 0,
  "modified": "2025-08-17 22:53:51.260574",
  "module": "My_Data",
  "name": "Contact Phone-jos_phone_ext-width",
  "property": "width",
  "property_type": "Data",
  "row_name": null,
  "value": "6"
 },
 {
  "default_value": null,
  "doc_type": "Contact Phone",
  "docstatus": 0,
  "doctype": "Property Setter",
  "doctype_or_field": "DocField",
  "field_name": "jos_whatsapp",
  "is_system_generated": 0,
  "modified": "2025-08-17 22:54:16.545385",
  "module": "My_Data",
  "name": "Contact Phone-jos_whatsapp-width",
  "property": "width",
  "property_type": "Data",
  "row_name": null,
  "value": ""
 },
 {
  "default_value": null,
  "doc_type": "Contact Phone",
  "docstatus": 0,
  "doctype": "Property Setter",
  "doctype_or_field": "DocField",
  "field_name": "is_primary_phone",
  "is_system_generated": 0,
  "modified": "2025-08-17 22:54:12.714533",
  "module": "My_Data",
  "name": "Contact Phone-is_primary_phone-width",
  "property": "width",
  "property_type": "Data",
  "row_name": null,
  "value": ""
 },
 {
  "default_value": null,
  "doc_type": "Contact Phone",
  "docstatus": 0,
  "doctype": "Property Setter",
  "doctype_or_field": "DocField",
  "field_name": "is_primary_phone",
  "is_system_generated": 0,
  "modified": "2025-08-17 22:54:08.326469",
  "module": "My_Data",
  "name": "Contact Phone-is_primary_phone-columns",
  "property": "columns",
  "property_type": "Int",
  "row_name": null,
  "value": "0"
 },
 {
  "default_value": null,
  "doc_type": "Contact Phone",
  "docstatus": 0,
  "doctype": "Property Setter",
  "doctype_or_field": "DocField",
  "field_name": "is_primary_mobile_no",
  "is_system_generated": 0,
  "modified": "2025-08-17 22:54:02.540955",
  "module": "My_Data",
  "name": "Contact Phone-is_primary_mobile_no-width",
  "property": "width",
  "property_type": "Data",
  "row_name": null,
  "value": ""
 },
 {
  "default_value": null,
  "doc_type": "Contact Phone",
  "docstatus": 0,
  "doctype": "Property Setter",
  "doctype_or_field": "DocField",
  "field_name": "is_primary_mobile_no",
  "is_system_generated": 0,
  "modified": "2025-08-17 22:53:58.814083",
  "module": "My_Data",
  "name": "Contact Phone-is_primary_mobile_no-columns",
  "property": "columns",
  "property_type": "Int",
  "row_name": null,
  "value": "0"
 },
 {
  "default_value": null,
  "doc_type": "Contact Phone",
  "docstatus": 0,
  "doctype": "Property Setter",
  "doctype_or_field": "DocField",
  "field_name": "is_primary_phone",
  "is_system_generated": 0,
  "modified": "2025-08-17 22:53:46.645057",
  "module": "My_Data",
  "name": "Contact Phone-is_primary_phone-hidden",
  "property": "hidden",
  "property_type": "Check",
  "row_name": null,
  "value": "1"
 },
 {
  "default_value": null,
  "doc_type": "Customer",
  "docstatus": 0,
  "doctype": "Property Setter",
  "doctype_or_field": "DocType",
  "field_name": null,
  "is_system_generated": 0,
  "modified": "2025-08-17 22:53:40.865913",
  "module": "ClienteSetup",
  "name": "Customer-main-field_order",
  "property": "field_order",
  "property_type": "Data",
  "row_name": null,
  "value": "[\"custom_tab_9\", \"custom_quickform_setup\", \"custom_jos_tax_id_validador\", \"custom_jos_nombre_cliente\", \"custom_jos_direccion\", \"custom_jos_city2\", \"custom_jos_country\", \"custom_column_break_vms68\", \"custom_jos_emails\", \"custom_jos_telefonos\", \"custom_details\", \"basic_info\", \"naming_series\", \"salutation\", \"customer_name\", \"customer_type\", \"customer_group\", \"column_break0\", \"territory\", \"gender\", \"lead_name\", \"opportunity_name\", \"prospect_name\", \"account_manager\", \"image\", \"defaults_tab\", \"default_currency\", \"default_bank_account\", \"column_break_14\", \"default_price_list\", \"internal_customer_section\", \"is_internal_customer\", \"represents_company\", \"column_break_70\", \"companies\", \"more_info\", \"market_segment\", \"industry\", \"customer_pos_id\", \"website\", \"language\", \"column_break_45\", \"customer_details\", \"dashboard_tab\", \"contact_and_address_tab\", \"address_contacts\", \"address_html\", \"column_break1\", \"contact_html\", \"primary_address_and_contact_detail\", \"column_break_26\", \"customer_primary_address\", \"primary_address\", \"column_break_nwor\", \"customer_primary_contact\", \"mobile_no\", \"email_id\", \"tax_tab\", \"taxation_section\", \"tax_id\", \"column_break_21\", \"tax_category\", \"tax_withholding_category\", \"accounting_tab\", \"credit_limit_section\", \"payment_terms\", \"credit_limits\", \"default_receivable_accounts\", \"accounts\", \"loyalty_points_tab\", \"loyalty_program\", \"column_break_54\", \"loyalty_program_tier\", \"sales_team_tab\", \"sales_team\", \"sales_team_section\", \"default_sales_partner\", \"column_break_66\", \"default_commission_rate\", \"settings_tab\", \"so_required\", \"dn_required\", \"exempt_from_sales_tax\", \"column_break_53\", \"is_frozen\", \"disabled\", \"portal_users_tab\", \"portal_users\"]"
 },
 {
  "default_value": null,
  "doc_type": "Customer",
  "docstatus": 0,
  "doctype": "Property Setter",
  "doctype_or_field": "DocField",
  "field_name": "customer_name",
  "is_system_generated": 1,
  "modified": "2025-08-17 22:53:38.261248",
  "module": "ClienteSetup",
  "name": "Customer-customer_name-in_list_view",
  "property": "in_list_view",
  "property_type": "Check",
  "row_name": null,
  "value": "1"
 },
 {
  "default_value": null,
  "doc_type": "Customer",
  "docstatus": 0,
  "doctype": "Property Setter",
  "doctype_or_field": "DocField",
  "field_name": "customer_group",
  "is_system_generated": 1,
  "modified": "2025-08-17 22:53:35.806185",
  "module": "ClienteSetup",
  "name": "Customer-customer_group-in_list_view",
  "property": "in_list_view",
  "property_type": "Check",
  "row_name": null,
  "value": "1"
 },
 {
  "default_value": null,
  "doc_type": "SRI Endpoint",
  "docstatus": 0,
  "doctype": "Property Setter",
  "doctype_or_field": "DocField",
  "field_name": "service",
  "is_system_generated": 1,
  "modified": "2025-08-17 22:50:02.880455",
  "module": "sri_invoicing",
  "name": "SRI Endpoint-service-in_list_view",
  "property": "in_list_view",
  "property_type": "Check",
  "row_name": null,
  "value": "1"
 },
 {
  "default_value": null,
  "doc_type": "SRI Endpoint",
  "docstatus": 0,
  "doctype": "Property Setter",
  "doctype_or_field": "DocField",
  "field_name": "ambiente",
  "is_system_generated": 1,
  "modified": "2025-08-17 22:50:07.137023",
  "module": "sri_invoicing",
  "name": "SRI Endpoint-ambiente-in_list_view",
  "property": "in_list_view",
  "property_type": "Check",
  "row_name": null,
  "value": "1"
 },
 {
  "default_value": null,
  "doc_type": "SRI Endpoint",
  "docstatus": 0,
  "doctype": "Property Setter",
  "doctype_or_field": "DocField",
  "field_name": "active",
  "is_system_generated": 1,
  "modified": "2025-08-17 22:50:09.951891",
  "module": "sri_invoicing",
  "name": "SRI Endpoint-active-in_list_view",
  "property": "in_list_view",
  "property_type": "Check",
  "row_name": null,
  "value": "1"
 },
 {
  "default_value": null,
  "doc_type": "SRI Endpoint",
  "docstatus": 0,
  "doctype": "Property Setter",
  "doctype_or_field": "DocField",
  "field_name": "priority",
  "is_system_generated": 1,
  "modified": "2025-08-17 22:50:12.783769",
  "module": "sri_invoicing",
  "name": "SRI Endpoint-priority-in_list_view",
  "property": "in_list_view",
  "property_type": "Check",
  "row_name": null,
  "value": "1"
 },
 {
  "default_value": null,
  "doc_type": "SRI Endpoint",
  "docstatus": 0,
  "doctype": "Property Setter",
  "doctype_or_field": "DocField",
  "field_name": "company",
  "is_system_generated": 1,
  "modified": "2025-08-17 22:50:15.743800",
  "module": "sri_invoicing",
  "name": "SRI Endpoint-company-in_list_view",
  "property": "in_list_view",
  "property_type": "Check",
  "row_name": null,
  "value": "1"
 },
 {
  "default_value": null,
  "doc_type": "SRI Endpoint",
  "docstatus": 0,
  "doctype": "Property Setter",
  "doctype_or_field": "DocField",
  "field_name": "last_tested",
  "is_system_generated": 1,
  "modified": "2025-08-17 22:50:22.658026",
  "module": "sri_invoicing",
  "name": "SRI Endpoint-last_tested-in_list_view",
  "property": "in_list_view",
  "property_type": "Check",
  "row_name": null,
  "value": "1"
 },
 {
  "default_value": null,
  "doc_type": "SRI Endpoint",
  "docstatus": 0,
  "doctype": "Property Setter",
  "doctype_or_field": "DocField",
  "field_name": "last_status",
  "is_system_generated": 1,
  "modified": "2025-08-17 22:50:42.430601",
  "module": "sri_invoicing",
  "name": "SRI Endpoint-last_status-in_list_view",
  "property": "in_list_view",
  "property_type": "Check",
  "row_name": null,
  "value": "1"
 },
 {
  "default_value": null,
  "doc_type": "Purchase Invoice",
  "docstatus": 0,
  "doctype": "Property Setter",
  "doctype_or_field": "DocField",
  "field_name": "naming_series",
  "is_system_generated": 1,
  "modified": "2025-08-17 22:50:52.834044",
  "module": "sri_invoicing",
  "name": "Purchase Invoice-naming_series-options",
  "property": "options",
  "property_type": "Text",
  "row_name": null,
  "value": "ACC-PINV-.YYYY.-\nACC-PINV-RET-.YYYY.-"
 },
 {
  "default_value": null,
  "doc_type": "Purchase Order",
  "docstatus": 0,
  "doctype": "Property Setter",
  "doctype_or_field": "DocField",
  "field_name": "naming_series",
  "is_system_generated": 1,
  "modified": "2025-08-17 22:50:56.879488",
  "module": "sri_invoicing",
  "name": "Purchase Order-naming_series-options",
  "property": "options",
  "property_type": "Text",
  "row_name": null,
  "value": "PUR-ORD-.YYYY.-"
 },
 {
  "default_value": null,
  "doc_type": "Project",
  "docstatus": 0,
  "doctype": "Property Setter",
  "doctype_or_field": "DocField",
  "field_name": "naming_series",
  "is_system_generated": 1,
  "modified": "2025-08-17 22:51:00.067061",
  "module": "sri_invoicing",
  "name": "Project-naming_series-options",
  "property": "options",
  "property_type": "Text",
  "row_name": null,
  "value": "PROJ-.####"
 },
 {
  "default_value": null,
  "doc_type": "Employee",
  "docstatus": 0,
  "doctype": "Property Setter",
  "doctype_or_field": "DocField",
  "field_name": "naming_series",
  "is_system_generated": 1,
  "modified": "2025-08-17 22:51:05.083832",
  "module": "sri_invoicing",
  "name": "Employee-naming_series-options",
  "property": "options",
  "property_type": "Text",
  "row_name": null,
  "value": "HR-EMP-"
 },
 {
  "default_value": null,
  "doc_type": "Stock Entry",
  "docstatus": 0,
  "doctype": "Property Setter",
  "doctype_or_field": "DocField",
  "field_name": "naming_series",
  "is_system_generated": 1,
  "modified": "2025-08-17 22:51:10.180480",
  "module": "sri_invoicing",
  "name": "Stock Entry-naming_series-options",
  "property": "options",
  "property_type": "Text",
  "row_name": null,
  "value": "MAT-STE-.YYYY.-"
 },
 {
  "default_value": null,
  "doc_type": "Stock Reconciliation",
  "docstatus": 0,
  "doctype": "Property Setter",
  "doctype_or_field": "DocField",
  "field_name": "naming_series",
  "is_system_generated": 1,
  "modified": "2025-08-17 22:51:15.763394",
  "module": "sri_invoicing",
  "name": "Stock Reconciliation-naming_series-options",
  "property": "options",
  "property_type": "Text",
  "row_name": null,
  "value": "MAT-RECO-.YYYY.-"
 },
 {
  "default_value": null,
  "doc_type": "Purchase Receipt",
  "docstatus": 0,
  "doctype": "Property Setter",
  "doctype_or_field": "DocField",
  "field_name": "naming_series",
  "is_system_generated": 1,
  "modified": "2025-08-17 22:52:04.494534",
  "module": "sri_invoicing",
  "name": "Purchase Receipt-naming_series-options",
  "property": "options",
  "property_type": "Text",
  "row_name": null,
  "value": "MAT-PRE-.YYYY.-\nMAT-PR-RET-.YYYY.-"
 },
 {
  "default_value": null,
  "doc_type": "Item",
  "docstatus": 0,
  "doctype": "Property Setter",
  "doctype_or_field": "DocField",
  "field_name": "naming_series",
  "is_system_generated": 1,
  "modified": "2025-08-17 22:51:54.973695",
  "module": "sri_invoicing",
  "name": "Item-naming_series-options",
  "property": "options",
  "property_type": "Text",
  "row_name": null,
  "value": "STO-ITEM-.YYYY.-"
 },
 {
  "default_value": null,
  "doc_type": "Contact Phone",
  "docstatus": 0,
  "doctype": "Property Setter",
  "doctype_or_field": "DocField",
  "field_name": "jos_phone_ext",
  "is_system_generated": 0,
  "modified": "2025-07-31 00:15:58.126921",
  "module": "My_Data",
  "name": "Contact Phone-jos_phone_ext-in_list_view",
  "property": "in_list_view",
  "property_type": "Check",
  "row_name": null,
  "value": "1"
 },
 {
  "default_value": null,
  "doc_type": "Contact Phone",
  "docstatus": 0,
  "doctype": "Property Setter",
  "doctype_or_field": "DocField",
  "field_name": "jos_whatsapp",
  "is_system_generated": 0,
  "modified": "2025-07-31 00:15:37.705531",
  "module": "My_Data",
  "name": "Contact Phone-jos_whatsapp-in_list_view",
  "property": "in_list_view",
  "property_type": "Check",
  "row_name": null,
  "value": "1"
 },
 {
  "default_value": null,
  "doc_type": "Contact Phone",
  "docstatus": 0,
  "doctype": "Property Setter",
  "doctype_or_field": "DocField",
  "field_name": "jos_whatsapp",
  "is_system_generated": 0,
  "modified": "2025-07-31 00:14:46.247865",
  "module": "My_Data",
  "name": "Contact Phone-jos_whatsapp-columns",
  "property": "columns",
  "property_type": "Int",
  "row_name": null,
  "value": "1"
 },
 {
  "default_value": null,
  "doc_type": "Contact Phone",
  "docstatus": 0,
  "doctype": "Property Setter",
  "doctype_or_field": "DocField",
  "field_name": "phone",
  "is_system_generated": 0,
  "modified": "2025-07-31 00:13:57.923047",
  "module": "My_Data",
  "name": "Contact Phone-phone-columns",
  "property": "columns",
  "property_type": "Int",
  "row_name": null,
  "value": "3"
 },
 {
  "default_value": null,
  "doc_type": "Contact Phone",
  "docstatus": 0,
  "doctype": "Property Setter",
  "doctype_or_field": "DocField",
  "field_name": "jos_phone_ext",
  "is_system_generated": 0,
  "modified": "2025-07-31 00:14:14.002826",
  "module": "My_Data",
  "name": "Contact Phone-jos_phone_ext-columns",
  "property": "columns",
  "property_type": "Int",
  "row_name": null,
  "value": "2"
 },
 {
  "default_value": null,
  "doc_type": "Company",
  "docstatus": 0,
  "doctype": "Property Setter",
  "doctype_or_field": "DocField",
  "field_name": "default_currency",
  "is_system_generated": 0,
  "modified": "2025-07-31 00:15:20.982833",
  "module": "My_Data",
  "name": "Company-default_currency-default",
  "property": "default",
  "property_type": "Text",
  "row_name": null,
  "value": "USD"
 },
 {
  "default_value": null,
  "doc_type": "Customer",
  "docstatus": 0,
  "doctype": "Property Setter",
  "doctype_or_field": "DocField",
  "field_name": "salutation",
  "is_system_generated": 0,
  "modified": "2025-07-17 18:53:26.336749",
  "module": "ClienteSetup",
  "name": "Customer-salutation-hidden",
  "property": "hidden",
  "property_type": "Check",
  "row_name": null,
  "value": "1"
 },
 {
  "default_value": null,
  "doc_type": "Customer",
  "docstatus": 0,
  "doctype": "Property Setter",
  "doctype_or_field": "DocField",
  "field_name": "salutation",
  "is_system_generated": 0,
  "modified": "2025-07-17 18:53:09.727477",
  "module": "ClienteSetup",
  "name": "Customer-salutation-depends_on",
  "property": "depends_on",
  "property_type": "Data",
  "row_name": null,
  "value": "//eval:doc.customer_type!='Company'"
 },
 {
  "default_value": null,
  "doc_type": "Customer",
  "docstatus": 0,
  "doctype": "Property Setter",
  "doctype_or_field": "DocField",
  "field_name": "customer_type",
  "is_system_generated": 0,
  "modified": "2025-07-17 18:52:24.034841",
  "module": "ClienteSetup",
  "name": "Customer-customer_type-allow_in_quick_entry",
  "property": "allow_in_quick_entry",
  "property_type": "Check",
  "row_name": null,
  "value": "1"
 },
 {
  "default_value": null,
  "doc_type": "Address",
  "docstatus": 0,
  "doctype": "Property Setter",
  "doctype_or_field": "DocField",
  "field_name": "country",
  "is_system_generated": 0,
  "modified": "2025-07-17 18:52:42.959678",
  "module": "ClienteSetup",
  "name": "Address-country-default",
  "property": "default",
  "property_type": "Text",
  "row_name": null,
  "value": "Ecuador"
 },
 {
  "default_value": null,
  "doc_type": "Customer",
  "docstatus": 0,
  "doctype": "Property Setter",
  "doctype_or_field": "DocType",
  "field_name": null,
  "is_system_generated": 0,
  "modified": "2025-07-17 18:54:00.191362",
  "module": "ClienteSetup",
  "name": "Customer-main-quick_entry",
  "property": "quick_entry",
  "property_type": "Check",
  "row_name": null,
  "value": "0"
 },
 {
  "default_value": null,
  "doc_type": "Customer",
  "docstatus": 0,
  "doctype": "Property Setter",
  "doctype_or_field": "DocType",
  "field_name": null,
  "is_system_generated": 0,
  "modified": "2025-08-08 23:13:13.303426",
  "module": "ClienteSetup",
  "name": "Customer-main-naming_rule",
  "property": "naming_rule",
  "property_type": "Data",
  "row_name": null,
  "value": "By fieldname"
 },
 {
  "default_value": null,
  "doc_type": "Supplier",
  "docstatus": 0,
  "doctype": "Property Setter",
  "doctype_or_field": "DocType",
  "field_name": null,
  "is_system_generated": 0,
  "modified": "2025-08-08 23:12:50.076333",
  "module": "Compras",
  "name": "Supplier-main-naming_rule",
  "property": "naming_rule",
  "property_type": "Data",
  "row_name": null,
  "value": "By fieldname"
 },
 {
  "default_value": null,
  "doc_type": "Supplier",
  "docstatus": 0,
  "doctype": "Property Setter",
  "doctype_or_field": "DocType",
  "field_name": null,
  "is_system_generated": 0,
  "modified": "2025-08-08 23:11:44.153918",
  "module": "Compras",
  "name": "Supplier-main-autoname",
  "property": "autoname",
  "property_type": "Data",
  "row_name": null,
  "value": "field:tax_id"
 },
 {
  "default_value": null,
  "doc_type": "Supplier",
  "docstatus": 0,
  "doctype": "Property Setter",
  "doctype_or_field": "DocField",
  "field_name": "tax_id",
  "is_system_generated": 0,
  "modified": "2025-08-08 23:12:19.214470",
  "module": "Compras",
  "name": "Supplier-tax_id-unique",
  "property": "unique",
  "property_type": "Check",
  "row_name": null,
  "value": "1"
 },
 {
  "default_value": null,
  "doc_type": "Customer",
  "docstatus": 0,
  "doctype": "Property Setter",
  "doctype_or_field": "DocField",
  "field_name": "tax_id",
  "is_system_generated": 0,
  "modified": "2025-08-08 23:12:08.726576",
  "module": "ClienteSetup",
  "name": "Customer-tax_id-in_list_view",
  "property": "in_list_view",
  "property_type": "Check",
  "row_name": null,
  "value": "1"
 },
 {
  "default_value": null,
  "doc_type": "Customer",
  "docstatus": 0,
  "doctype": "Property Setter",
  "doctype_or_field": "DocField",
  "field_name": "tax_id",
  "is_system_generated": 0,
  "modified": "2025-07-31 15:53:03.018115",
  "module": "ClienteSetup",
  "name": "Customer-tax_id-unique",
  "property": "unique",
  "property_type": "Check",
  "row_name": null,
  "value": "1"
 },
 {
  "default_value": null,
  "doc_type": "Customer",
  "docstatus": 0,
  "doctype": "Property Setter",
  "doctype_or_field": "DocField",
  "field_name": "tax_id",
  "is_system_generated": 0,
  "modified": "2025-08-08 20:26:54.682571",
  "module": "ClienteSetup",
  "name": "Customer-tax_id-read_only",
  "property": "read_only",
  "property_type": "Check",
  "row_name": null,
  "value": "1"
 },
 {
  "default_value": null,
  "doc_type": "Supplier",
  "docstatus": 0,
  "doctype": "Property Setter",
  "doctype_or_field": "DocField",
  "field_name": "tax_id",
  "is_system_generated": 0,
  "modified": "2025-08-08 20:28:38.497811",
  "module": "Compras",
  "name": "Supplier-tax_id-read_only",
  "property": "read_only",
  "property_type": "Check",
  "row_name": null,
  "value": "1"
 },
 {
  "default_value": null,
  "doc_type": "Customer",
  "docstatus": 0,
  "doctype": "Property Setter",
  "doctype_or_field": "DocField",
  "field_name": "customer_name",
  "is_system_generated": 0,
  "modified": "2025-08-08 23:09:50.246270",
  "module": "ClienteSetup",
  "name": "Customer-customer_name-read_only",
  "property": "read_only",
  "property_type": "Check",
  "row_name": null,
  "value": "1"
 },
 {
  "default_value": null,
  "doc_type": "Supplier",
  "docstatus": 0,
  "doctype": "Property Setter",
  "doctype_or_field": "DocField",
  "field_name": "supplier_name",
  "is_system_generated": 0,
  "modified": "2025-08-08 23:09:36.897214",
  "module": "Compras",
  "name": "Supplier-supplier_name-read_only",
  "property": "read_only",
  "property_type": "Check",
  "row_name": null,
  "value": "1"
 },
 {
  "default_value": null,
  "doc_type": "Customer",
  "docstatus": 0,
  "doctype": "Property Setter",
  "doctype_or_field": "DocType",
  "field_name": null,
  "is_system_generated": 0,
  "modified": "2025-08-08 23:11:00.140739",
  "module": "ClienteSetup",
  "name": "Customer-main-autoname",
  "property": "autoname",
  "property_type": "Data",
  "row_name": null,
  "value": "field:tax_id"
 },
 {
  "default_value": null,
  "doc_type": "Customer",
  "docstatus": 0,
  "doctype": "Property Setter",
  "doctype_or_field": "DocField",
  "field_name": "customer_type",
  "is_system_generated": 0,
  "modified": "2025-08-08 23:14:31.618620",
  "module": "ClienteSetup",
  "name": "Customer-customer_type-read_only",
  "property": "read_only",
  "property_type": "Check",
  "row_name": null,
  "value": "1"
 },
 {
  "default_value": null,
  "doc_type": "Supplier",
  "docstatus": 0,
  "doctype": "Property Setter",
  "doctype_or_field": "DocField",
  "field_name": "supplier_type",
  "is_system_generated": 0,
  "modified": "2025-08-08 23:57:33.626781",
  "module": "Compras",
  "name": "Supplier-supplier_type-read_only",
  "property": "read_only",
  "property_type": "Check",
  "row_name": null,
  "value": "1"
 },
 {
  "default_value": null,
  "doc_type": "Supplier",
  "docstatus": 0,
  "doctype": "Property Setter",
  "doctype_or_field": "DocField",
  "field_name": "supplier_name",
  "is_system_generated": 0,
  "modified": "2025-08-09 00:57:26.237196",
  "module": "Compras",
  "name": "Supplier-supplier_name-hidden",
  "property": "hidden",
  "property_type": "Check",
  "row_name": null,
  "value": "0"
 },
 {
  "default_value": null,
  "doc_type": "Supplier",
  "docstatus": 0,
  "doctype": "Property Setter",
  "doctype_or_field": "DocField",
  "field_name": "country",
  "is_system_generated": 0,
  "modified": "2025-08-10 02:00:07.113952",
  "module": "Compras",
  "name": "Supplier-country-read_only",
  "property": "read_only",
  "property_type": "Check",
  "row_name": null,
  "value": "1"
 },
 {
  "default_value": null,
  "doc_type": "Company",
  "docstatus": 0,
  "doctype": "Property Setter",
  "doctype_or_field": "DocField",
  "field_name": "tax_id",
  "is_system_generated": 0,
  "modified": "2025-08-10 02:15:41.148892",
  "module": "My_Data",
  "name": "Company-tax_id-read_only",
  "property": "read_only",
  "property_type": "Check",
  "row_name": null,
  "value": "1"
 },
 {
  "default_value": null,
  "doc_type": "Warehouse",
  "docstatus": 0,
  "doctype": "Property Setter",
  "doctype_or_field": "DocType",
  "field_name": null,
  "is_system_generated": 0,
  "modified": "2025-08-17 22:51:50.321710",
  "module": "sri_invoicing",
  "name": "Warehouse-main-field_order",
  "property": "field_order",
  "property_type": "Data",
  "row_name": null,
  "value": "[\"warehouse_detail\", \"disabled\", \"warehouse_name\", \"column_break_3\", \"is_group\", \"custom_sri_is_establishment\", \"parent_warehouse\", \"is_rejected_warehouse\", \"column_break_4\", \"account\", \"company\", \"address_and_contact\", \"address_html\", \"column_break_10\", \"contact_html\", \"custom_section_break_04hqx\", \"custom_establishment_code\", \"custom_sri_puntos_emision\", \"warehouse_contact_info\", \"email_id\", \"phone_no\", \"mobile_no\", \"column_break0\", \"address_line_1\", \"address_line_2\", \"city\", \"state\", \"pin\", \"transit_section\", \"warehouse_type\", \"column_break_qajx\", \"default_in_transit_warehouse\", \"tree_details\", \"lft\", \"rgt\", \"old_parent\"]"
 },
 {
  "default_value": null,
  "doc_type": "Sales Invoice",
  "docstatus": 0,
  "doctype": "Property Setter",
  "doctype_or_field": "DocField",
  "field_name": "naming_series",
  "is_system_generated": 0,
  "modified": "2025-08-18 18:38:11.705478",
  "module": "sri_invoicing",
  "name": "Sales Invoice-naming_series-hidden",
  "property": "hidden",
  "property_type": "Check",
  "row_name": null,
  "value": "1"
 },
 {
  "default_value": null,
  "doc_type": "Sales Invoice",
  "docstatus": 0,
  "doctype": "Property Setter",
  "doctype_or_field": "DocField",
  "field_name": "naming_series",
  "is_system_generated": 0,
  "modified": "2025-08-18 18:44:08.911090",
  "module": "sri_invoicing",
  "name": "Sales Invoice-naming_series-reqd",
  "property": "reqd",
  "property_type": "Check",
  "row_name": null,
  "value": "0"
 }
]