{
 "actions": [],
 "allow_rename": 1,
 "autoname": "hash",
 "creation": "2025-08-16 11:40:58.487755",
 "doctype": "DocType",
 "editable_grid": 1,
 "engine": "InnoDB",
 "field_order": [
  "emission_point_code",
  "seq_factura",
  "seq_nc",
  "seq_nd",
  "seq_ret",
  "seq_liq",
  "seq_gr",
  "estado",
  "initiated",
  "init_or_edit",
  "hidden_curr_section",
  "seq_factura_curr",
  "seq_nc_curr",
  "seq_nd_curr",
  "seq_ret_curr",
  "seq_liq_curr",
  "seq_gr_curr"
 ],
 "fields": [
  {
   "fieldname": "emission_point_code",
   "fieldtype": "Data",
   "in_list_view": 1,
   "label": "Punto de Emisi\u00f3n",
   "reqd": 1
  },
  {
   "default": "0",
   "fieldname": "seq_factura",
   "fieldtype": "Int",
   "in_list_view": 1,
   "label": "Factura",
   "non_negative": 1,
   "read_only": 1
  },
  {
   "default": "0",
   "fieldname": "seq_nc",
   "fieldtype": "Int",
   "in_list_view": 1,
   "label": "NC",
   "non_negative": 1,
   "read_only": 1
  },
  {
   "default": "0",
   "fieldname": "seq_nd",
   "fieldtype": "Int",
   "in_list_view": 1,
   "label": "ND",
   "non_negative": 1
  },
  {
   "default": "0",
   "fieldname": "seq_ret",
   "fieldtype": "Int",
   "in_list_view": 1,
   "label": "Retenci\u00f3n",
   "non_negative": 1
  },
  {
   "default": "0",
   "fieldname": "seq_liq",
   "fieldtype": "Int",
   "in_list_view": 1,
   "label": "Liq/Comp",
   "non_negative": 1
  },
  {
   "default": "0",
   "fieldname": "seq_gr",
   "fieldtype": "Int",
   "in_list_view": 1,
   "label": "Gu\u00eda Rem.",
   "non_negative": 1
  },
  {
   "default": "Activo",
   "fieldname": "estado",
   "fieldtype": "Select",
   "in_list_view": 1,
   "label": "estado",
   "options": "Activo\nInactivo"
  },
  {
   "default": "0",
   "fieldname": "initiated",
   "fieldtype": "Check",
   "label": "initiated"
  },
  {
   "fieldname": "init_or_edit",
   "fieldtype": "Button",
   "label": "init or edit"
  },
  {
   "fieldname": "hidden_curr_section",
   "fieldtype": "Section Break",
   "label": "Hidden_curr"
  },
  {
   "fieldname": "seq_factura_curr",
   "fieldtype": "Int",
   "hidden": 1,
   "label": "seq_factura_curr"
  },
  {
   "fieldname": "seq_nc_curr",
   "fieldtype": "Int",
   "hidden": 1,
   "label": "seq_nc_curr"
  },
  {
   "fieldname": "seq_nd_curr",
   "fieldtype": "Int",
   "hidden": 1,
   "label": "seq_nd_curr"
  },
  {
   "fieldname": "seq_ret_curr",
   "fieldtype": "Int",
   "hidden": 1,
   "label": "seq_ret_curr"
  },
  {
   "fieldname": "seq_liq_curr",
   "fieldtype": "Int",
   "hidden": 1,
   "label": "seq_liq_curr"
  },
  {
   "fieldname": "seq_gr_curr",
   "fieldtype": "Int",
   "hidden": 1,
   "label": "seq_gr_curr"
  }
 ],
 "grid_page_length": 50,
 "index_web_pages_for_search": 1,
 "istable": 1,
 "links": [],
 "modified": "2025-08-16 18:11:49.935492",
 "modified_by": "Administrator",
 "module": "sri_invoicing",
 "name": "SRI Puntos Emision",
 "naming_rule": "Set by user",
 "owner": "Administrator",
 "permissions": [],
 "row_format": "Dynamic",
 "sort_field": "modified",
 "sort_order": "DESC",
 "states": []
}